1000
67778132,Wood Ibeson,wibeson0@moonfruit.com,wibeson0,BC-F0-A8-A5-C0-64
30778252,Katlin Coorington,kcoorington1@hugedomains.com,kcoorington1,FE-EB-DE-84-32-4C
48128895,Halie Mackrell,hmackrell2@webnode.com,hmackrell2,66-2F-CE-C5-55-17
43975172,Rodolph Kaliszewski,rkaliszewski3@bluehost.com,rkaliszewski3,E7-4F-4A-0F-EE-8D
94269005,Alonzo Hendrichs,ahendrichs4@tumblr.com,ahendrichs4,62-D2-64-AD-C2-26
97012787,Ludvig Barfoot,lbarfoot5@who.int,lbarfoot5,14-21-17-0B-50-4C
85667986,Britteny Basham,bbasham6@jalbum.net,bbasham6,5B-77-A3-3F-DC-1B
39022686,Constantia Henningham,chenningham7@nifty.com,chenningham7,E1-DA-7C-53-24-41
92002877,Andie Crate,acrate8@intel.com,acrate8,3F-4D-BF-9C-05-E9
26960347,Errol Crawcour,ecrawcour9@mtv.com,ecrawcour9,5C-96-9A-0B-56-4D
78417817,Rowena McCotter,rmccottera@dmoz.org,rmccottera,5B-03-56-FE-3A-8A
68222054,Charin Mourant,cmourantb@etsy.com,cmourantb,C1-DC-2C-37-AB-47
94724230,Audrey Toke,atokec@sohu.com,atokec,10-63-4B-30-A2-51
99583965,Adi Harding,ahardingd@rambler.ru,ahardingd,90-69-32-6E-5B-3E
49063615,Perrine Spooner,pspoonere@w3.org,pspoonere,5F-E6-EA-D4-A7-85
26413552,Ursa Emmanueli,uemmanuelif@deviantart.com,uemmanuelif,9B-C7-25-77-37-EF
10533756,Farrel Pierro,fpierrog@dot.gov,fpierrog,4B-1B-3B-45-ED-AD
99398796,Ashlan Catmull,acatmullh@ovh.net,acatmullh,B3-97-D1-C9-3E-7E
09381042,Vaughn Fenne,vfennei@discuz.net,vfennei,1A-4A-6F-D8-62-A4
41967122,Tina Cultcheth,tcultchethj@princeton.edu,tcultchethj,F6-31-52-51-A5-A7
59230806,Kalle Pearmain,kpearmaink@census.gov,kpearmaink,65-6C-FE-06-6D-9B
38195147,Euphemia Laxen,elaxenl@live.com,elaxenl,A0-90-C3-16-40-3E
71671570,Alisander Tireman,atiremanm@mapy.cz,atiremanm,42-87-95-5E-97-B9
82081829,Elberta Kalewe,ekalewen@stumbleupon.com,ekalewen,35-BF-25-9C-E3-E0
32550777,Lenora Eggar,leggaro@blogger.com,leggaro,44-9F-C5-A6-37-CD
90508700,Florina Segeswoeth,fsegeswoethp@1688.com,fsegeswoethp,0F-47-46-E9-EB-CF
46535211,Cara Nardrup,cnardrupq@addthis.com,cnardrupq,11-CC-AA-E0-92-2B
86753253,Sibella Eagling,seaglingr@w3.org,seaglingr,79-75-0B-17-BA-08
82610863,Editha Le Frank,eles@unblog.fr,eles,41-D6-7E-8A-9C-E9
65072835,Burgess Pratton,bprattont@nsw.gov.au,bprattont,F8-6B-BD-A4-14-22
13908808,Frieda Corran,fcorranu@stumbleupon.com,fcorranu,1C-7F-FD-F9-13-87
83535737,Sayre Earwaker,searwakerv@newsvine.com,searwakerv,38-1F-C3-F3-67-C1
14582928,Reeva Knoble,rknoblew@vinaora.com,rknoblew,6A-C2-3A-E9-4A-B8
04319330,Alexandra Worstall,aworstallx@jigsy.com,aworstallx,F1-21-C1-D0-83-54
49631682,Marris Jako,mjakoy@cbc.ca,mjakoy,2C-FC-38-29-19-F8
01289349,Bride Cotter,bcotterz@about.me,bcotterz,A2-60-A0-8B-5E-F1
28515617,Theo Rosevear,trosevear10@cdc.gov,trosevear10,2F-24-A9-38-84-B4
60452771,Corabella Anthes,canthes11@pcworld.com,canthes11,09-8D-95-5C-05-26
52260931,Berte Pyott,bpyott12@army.mil,bpyott12,47-22-77-07-85-74
50258200,Constantin McCerery,cmccerery13@gnu.org,cmccerery13,F6-D9-C8-AD-FD-17
97892548,Tory Ricket,tricket14@salon.com,tricket14,62-D3-E1-E9-B2-6E
99784911,Brande Swenson,bswenson15@unesco.org,bswenson15,75-C4-F7-34-3F-01
37468731,Fletcher Clementel,fclementel16@mac.com,fclementel16,52-79-91-8A-5E-EB
75744048,Pia Gummery,pgummery17@squidoo.com,pgummery17,43-C7-24-74-45-E4
15094523,Carolee Rivaland,crivaland18@hud.gov,crivaland18,8B-31-D9-DC-21-4E
48322309,Coleman Martynka,cmartynka19@printfriendly.com,cmartynka19,A0-13-FF-67-24-1F
80230806,Curtis Gelardi,cgelardi1a@imgur.com,cgelardi1a,62-04-CE-EA-60-5E
59074693,Elnar Cordie,ecordie1b@51.la,ecordie1b,A0-61-9B-3F-28-BC
86022607,Sibyl Lesslie,slesslie1c@posterous.com,slesslie1c,45-C8-3B-95-E7-84
83532754,Gerty Pavese,gpavese1d@dot.gov,gpavese1d,9A-41-E6-E3-B5-8E
87899767,Eolande Jozefczak,ejozefczak1e@bloomberg.com,ejozefczak1e,3F-68-50-B9-C6-3D
07994575,Franchot Williamson,fwilliamson1f@1und1.de,fwilliamson1f,FE-69-99-9C-97-B0
28922832,Ginny Billows,gbillows1g@guardian.co.uk,gbillows1g,C1-E4-5A-03-D6-2A
88225379,Stinky Brychan,sbrychan1h@paypal.com,sbrychan1h,0F-4D-E0-3B-84-D8
48789571,Wright Caddan,wcaddan1i@economist.com,wcaddan1i,D1-AD-B7-94-B3-44
82844708,Margaux Cofax,mcofax1j@wiley.com,mcofax1j,28-13-6B-A2-E9-DE
53879355,Denny O'Dunniom,dodunniom1k@china.com.cn,dodunniom1k,35-A8-B0-BA-53-CB
88517172,Barron Aristide,baristide1l@tripadvisor.com,baristide1l,75-0E-7E-A5-4A-85
80051642,Sarge Karpushkin,skarpushkin1m@creativecommons.org,skarpushkin1m,4B-76-A1-3A-EA-FD
65260362,Germaine Pittam,gpittam1n@homestead.com,gpittam1n,74-30-38-2D-B5-11
25477994,Esme Jansky,ejansky1o@tmall.com,ejansky1o,81-3F-E1-B5-99-DF
47488121,Gayler Archibold,garchibold1p@who.int,garchibold1p,56-4F-68-E4-98-29
67028231,Elsi Byrcher,ebyrcher1q@nymag.com,ebyrcher1q,5B-66-75-4B-64-1A
05729674,Helenka Clive,hclive1r@pinterest.com,hclive1r,2C-36-0C-B4-21-F2
30259128,Tatiania Pesek,tpesek1s@netscape.com,tpesek1s,BE-00-69-10-17-B8
99930662,Sigismond Aveyard,saveyard1t@bloglines.com,saveyard1t,74-DE-67-7C-CA-C0
40434783,Mayor Stenners,mstenners1u@ftc.gov,mstenners1u,5B-02-E8-C6-17-43
64726352,Leann Twiggins,ltwiggins1v@globo.com,ltwiggins1v,FA-A7-83-9F-C9-4E
14923996,Rene Deroche,rderoche1w@goo.ne.jp,rderoche1w,7C-1F-79-32-7D-99
19001119,Benedikt Becks,bbecks1x@arstechnica.com,bbecks1x,41-9C-DF-B4-B9-D2
54456872,Ignaz Vreede,ivreede1y@opera.com,ivreede1y,59-8B-47-19-D7-00
33461073,Poppy Jaram,pjaram1z@cdc.gov,pjaram1z,19-C6-C1-D2-B7-15
92565128,Clemmie Rowbrey,crowbrey20@ebay.co.uk,crowbrey20,13-1C-18-2C-1D-FC
65886822,Sileas Whewell,swhewell21@amazon.co.uk,swhewell21,9F-0D-D3-A2-02-1B
97386727,Lucien Ramshaw,lramshaw22@flavors.me,lramshaw22,39-A8-68-4F-93-5E
02907136,Rolando Rogers,rrogers23@yelp.com,rrogers23,0B-B7-AF-E6-37-F6
36016396,Hans Peever,hpeever24@imageshack.us,hpeever24,9F-5E-90-5B-EB-90
63982283,Halli Blakeney,hblakeney25@cisco.com,hblakeney25,2F-0D-07-3B-42-50
33994469,Maurise Szymonowicz,mszymonowicz26@uol.com.br,mszymonowicz26,25-55-68-35-7B-1F
22060876,Paquito Exter,pexter27@marketwatch.com,pexter27,81-F5-E9-E7-5D-8E
30346340,Sheree Sackur,ssackur28@quantcast.com,ssackur28,81-91-60-18-93-31
44768891,Cosme Ribeiro,cribeiro29@theglobeandmail.com,cribeiro29,E7-30-04-B0-53-A4
96878422,Fredra Bosomworth,fbosomworth2a@nbcnews.com,fbosomworth2a,33-BF-EA-4C-5A-F6
58945241,Barri Cypler,bcypler2b@yelp.com,bcypler2b,E4-8D-76-77-85-27
98463193,Simonette Fend,sfend2c@mit.edu,sfend2c,50-25-5C-A3-57-12
11983213,Amy Olivier,aolivier2d@merriam-webster.com,aolivier2d,DF-98-74-F3-41-16
48510920,Carmelina Kenrick,ckenrick2e@msu.edu,ckenrick2e,0D-30-E4-74-B1-28
91587248,Lorraine Nancarrow,lnancarrow2f@vinaora.com,lnancarrow2f,80-D0-D5-6F-5A-D6
48740331,Angele O'Riordan,aoriordan2g@plala.or.jp,aoriordan2g,90-81-EE-29-78-42
31978770,Reeba Abraham,rabraham2h@smugmug.com,rabraham2h,63-E0-45-22-1C-6C
60434275,Dael Aldham,daldham2i@msu.edu,daldham2i,52-9C-07-86-E2-40
73903372,Andris Luty,aluty2j@harvard.edu,aluty2j,E6-0B-6D-BA-B5-BB
09132148,Babs Morigan,bmorigan2k@timesonline.co.uk,bmorigan2k,F5-BD-CA-3F-31-3B
22783706,Ambrose Carruth,acarruth2l@hao123.com,acarruth2l,4B-D5-47-83-FB-AE
71335409,Kassey Hallor,khallor2m@flickr.com,khallor2m,FA-68-CF-93-38-C1
17709928,Bev Peek,bpeek2n@pcworld.com,bpeek2n,67-FC-E2-B8-F3-D4
32595990,Constantin Gordon-Giles,cgordongiles2o@webnode.com,cgordongiles2o,87-F1-0E-9E-C0-24
26255119,Reiko Roycraft,rroycraft2p@cbsnews.com,rroycraft2p,DC-B2-B6-5A-32-1E
07950702,Lek Knight,lknight2q@un.org,lknight2q,01-2E-EC-28-C0-F9
22900959,Ingmar Blease,iblease2r@cloudflare.com,iblease2r,1C-B5-09-FC-23-CA
51667411,Linnea Rosser,lrosser2s@sohu.com,lrosser2s,7C-0D-C9-78-3A-4B
73486973,Bradley Haldene,bhaldene2t@php.net,bhaldene2t,49-13-5C-A7-40-E6
65609744,Florie Till,ftill2u@census.gov,ftill2u,20-9D-A3-91-20-37
24448073,Nilson Fitzsimon,nfitzsimon2v@phoca.cz,nfitzsimon2v,D9-15-52-55-90-81
53542263,Forster Kisby,fkisby2w@ameblo.jp,fkisby2w,1B-E2-89-3E-52-C9
74727160,Josy Blockey,jblockey2x@opensource.org,jblockey2x,E4-CA-FD-B5-9A-48
28934261,Maiga Pumphrey,mpumphrey2y@blog.com,mpumphrey2y,89-9E-F2-C0-00-F7
34935955,Jorey Townes,jtownes2z@google.nl,jtownes2z,64-81-86-D0-03-4A
01095585,Cob Ivanishin,civanishin30@blogspot.com,civanishin30,65-F5-BC-99-88-4E
08645568,Brit Shilliday,bshilliday31@bandcamp.com,bshilliday31,F4-86-DA-8E-04-E8
07527713,Lem Martinets,lmartinets32@yale.edu,lmartinets32,23-E3-98-48-E1-99
28988043,Marchelle Goble,mgoble33@yellowpages.com,mgoble33,3F-D7-1B-1D-49-BD
75663631,Nye Wendover,nwendover34@dell.com,nwendover34,B6-83-73-15-2D-A8
39824665,Catherina Paridge,cparidge35@wufoo.com,cparidge35,C9-13-D3-43-BE-56
99290738,Chiquita Gooms,cgooms36@blog.com,cgooms36,24-48-44-06-59-0D
39489894,Artie Render,arender37@issuu.com,arender37,9F-8A-F4-92-D5-80
62627216,Jaime Heel,jheel38@msu.edu,jheel38,54-E0-7C-1F-AA-67
32405819,Taddeusz Whether,twhether39@irs.gov,twhether39,3D-AA-13-B0-BD-8E
50018000,Maribelle Arondel,marondel3a@wix.com,marondel3a,65-D5-18-66-14-F7
63889341,Evvy Rosander,erosander3b@ameblo.jp,erosander3b,7E-0B-EA-56-AD-17
99253060,Vanya Jellico,vjellico3c@exblog.jp,vjellico3c,30-88-99-F5-D8-17
72403334,Filbert Dearnaly,fdearnaly3d@ibm.com,fdearnaly3d,22-4C-EC-97-F4-49
48574645,Helyn Jemmett,hjemmett3e@stumbleupon.com,hjemmett3e,83-FC-AE-28-33-8B
16110781,Eolande Francom,efrancom3f@cloudflare.com,efrancom3f,51-C1-01-D3-34-3B
56471741,Rayner Grosvenor,rgrosvenor3g@prnewswire.com,rgrosvenor3g,B6-1B-FF-9A-8C-F2
49944429,Trista Morfey,tmorfey3h@discuz.net,tmorfey3h,1E-F0-FD-6F-DC-26
98240599,Jenni Cameron,jcameron3i@cocolog-nifty.com,jcameron3i,6D-49-C5-5A-BA-5A
92336099,Charissa Bellon,cbellon3j@apple.com,cbellon3j,69-A0-C7-B5-CD-9F
02423660,Ema Elcott,eelcott3k@php.net,eelcott3k,73-F1-ED-A7-38-11
75641768,Frieda Phippen,fphippen3l@slate.com,fphippen3l,A0-59-26-55-E4-D1
82654761,Freeman Gynne,fgynne3m@taobao.com,fgynne3m,CC-0B-BB-33-54-3B
70342376,Pearl Jeeks,pjeeks3n@scientificamerican.com,pjeeks3n,DF-E6-66-33-9E-24
68780015,Malynda Wilbor,mwilbor3o@google.com.au,mwilbor3o,47-FC-82-FA-96-79
24643927,Stafani Laxton,slaxton3p@google.fr,slaxton3p,60-13-9D-E2-A8-91
35082413,Charlotte Gronaller,cgronaller3q@delicious.com,cgronaller3q,FE-30-DE-8F-14-E4
71801834,Kessiah Grew,kgrew3r@answers.com,kgrew3r,0A-04-76-41-EE-9F
33952144,Baudoin Nowakowska,bnowakowska3s@washingtonpost.com,bnowakowska3s,53-94-92-0D-47-07
06841919,Rickey Chick,rchick3t@godaddy.com,rchick3t,E6-60-89-AC-5C-44
34707487,Carine Mayfield,cmayfield3u@feedburner.com,cmayfield3u,28-0D-53-49-51-9E
04300052,Aldin Dyshart,adyshart3v@lulu.com,adyshart3v,52-25-A2-65-E7-CD
81141227,Tabbie Duesberry,tduesberry3w@timesonline.co.uk,tduesberry3w,D3-58-0D-B4-42-AF
51542642,Michell Alderson,malderson3x@dion.ne.jp,malderson3x,6C-CB-96-0E-CE-A7
62050610,Yehudit Gorusso,ygorusso3y@ebay.co.uk,ygorusso3y,99-90-F4-36-2E-D1
87511225,Thatcher Kinchley,tkinchley3z@histats.com,tkinchley3z,DC-06-BA-4A-F0-29
72184791,Roobbie Minichillo,rminichillo40@hubpages.com,rminichillo40,38-D3-E9-F9-9E-90
08228455,Danyette Avramov,davramov41@posterous.com,davramov41,1C-13-EE-00-30-FF
12443345,Di Manna,dmanna42@goo.gl,dmanna42,54-46-03-BD-3B-AE
26618332,Keen Eastway,keastway43@blogspot.com,keastway43,65-20-13-09-CA-D2
56578477,Genevieve Vater,gvater44@irs.gov,gvater44,39-E6-44-FA-D3-89
29413148,Garland Howley,ghowley45@home.pl,ghowley45,FE-DF-12-8D-24-5F
32420711,Clementina Cakebread,ccakebread46@canalblog.com,ccakebread46,13-3F-B5-1C-CF-A1
68730685,Robbi Humbey,rhumbey47@pbs.org,rhumbey47,2F-88-A4-4C-3B-7E
96064871,Imogene Maydway,imaydway48@angelfire.com,imaydway48,0E-0E-34-0B-E2-FB
64817176,Abeu Fuller,afuller49@cbc.ca,afuller49,DC-FA-96-6F-33-2E
45456580,Obadias Andreaccio,oandreaccio4a@wordpress.com,oandreaccio4a,24-03-3C-6D-03-63
44665234,Sherrie Leivesley,sleivesley4b@imgur.com,sleivesley4b,A6-BE-23-FC-C9-CE
57797854,Pietro Sollett,psollett4c@wunderground.com,psollett4c,33-EF-13-81-7F-35
95567321,Murdoch Bompas,mbompas4d@japanpost.jp,mbompas4d,B9-50-9C-6E-07-4C
55532972,Lissie Emby,lemby4e@disqus.com,lemby4e,C2-AD-4F-D6-91-9A
45821115,Blythe Daviot,bdaviot4f@furl.net,bdaviot4f,08-F8-E1-58-C8-D5
77452312,Leese Akred,lakred4g@answers.com,lakred4g,81-17-BA-54-28-EB
42194681,Inigo Byatt,ibyatt4h@salon.com,ibyatt4h,75-12-C5-11-2C-D4
16906131,Nikoletta Adess,nadess4i@springer.com,nadess4i,67-C0-F9-90-C0-F0
09430009,Addi Gwynn,agwynn4j@is.gd,agwynn4j,40-5D-DC-67-1B-11
28560797,Phyllida Girodier,pgirodier4k@wp.com,pgirodier4k,4C-53-48-0A-85-77
00658220,Astrid Huniwall,ahuniwall4l@answers.com,ahuniwall4l,77-06-FD-D7-63-54
71839128,Marice Ternault,mternault4m@army.mil,mternault4m,DA-CA-28-6C-26-FB
15096979,Patsy Deeprose,pdeeprose4n@ebay.co.uk,pdeeprose4n,58-1B-54-C8-5F-F3
31977939,Jolene Bentote,jbentote4o@nationalgeographic.com,jbentote4o,BB-2B-6B-1A-84-01
79899049,Glynda Huygen,ghuygen4p@yahoo.co.jp,ghuygen4p,08-44-84-6D-8C-BF
13026033,Dulci Van Hove,dvan4q@wsj.com,dvan4q,B3-DE-91-52-33-0F
76414535,Joya Quaife,jquaife4r@furl.net,jquaife4r,A2-FB-61-55-8C-15
86001770,Gloria Marchelli,gmarchelli4s@google.com.br,gmarchelli4s,16-59-B2-2B-4A-08
27037408,Benny Kent,bkent4t@hc360.com,bkent4t,67-E2-5D-4B-D0-2C
33839771,Coralyn Grimbleby,cgrimbleby4u@yellowbook.com,cgrimbleby4u,9E-7D-B2-23-41-13
53620983,Morgan Olrenshaw,molrenshaw4v@twitter.com,molrenshaw4v,CB-03-B3-EF-D8-04
30860823,Hobart Grishechkin,hgrishechkin4w@shutterfly.com,hgrishechkin4w,87-D0-DC-E0-4E-E1
07724352,Lissie Garroway,lgarroway4x@boston.com,lgarroway4x,79-A4-1E-26-EB-47
47363031,Athena Ceschi,aceschi4y@bloglines.com,aceschi4y,BE-34-BC-D9-BC-44
32322429,Maurine Measom,mmeasom4z@cpanel.net,mmeasom4z,B3-BB-2E-0E-91-F9
04922154,Lief Trill,ltrill50@posterous.com,ltrill50,B5-25-F2-8D-92-4F
80103740,Morie Lichtfoth,mlichtfoth51@shareasale.com,mlichtfoth51,66-CF-67-31-BA-C5
79811036,Jordon Arno,jarno52@huffingtonpost.com,jarno52,3F-5B-1C-97-61-9C
54964345,Kameko Cawdery,kcawdery53@myspace.com,kcawdery53,3A-EB-55-AC-B9-2A
91229395,Liana Halleday,lhalleday54@networksolutions.com,lhalleday54,0C-B3-A9-93-05-DF
51940771,Clio Sawforde,csawforde55@latimes.com,csawforde55,0C-F0-4E-D7-96-0E
16956922,Janie Cicconetti,jcicconetti56@tinyurl.com,jcicconetti56,C6-55-DB-53-4E-EB
29167853,Trevar Mariault,tmariault57@youtu.be,tmariault57,F8-02-06-C2-F1-85
58558386,Claiborn Kinner,ckinner58@howstuffworks.com,ckinner58,0A-A3-23-47-4C-43
50138908,Ema Eltun,eeltun59@t.co,eeltun59,8B-A6-D5-ED-75-6E
37683151,Manda Andreu,mandreu5a@home.pl,mandreu5a,EE-BE-90-2E-49-3E
09686033,Herbie Rathbone,hrathbone5b@uiuc.edu,hrathbone5b,D0-D3-EC-A5-65-F9
41691631,Stearne Sprackling,ssprackling5c@ucla.edu,ssprackling5c,41-05-27-62-93-77
04768497,Briney Trewhitt,btrewhitt5d@bing.com,btrewhitt5d,A1-8E-E3-18-E1-1F
47315223,Nicole Beauman,nbeauman5e@telegraph.co.uk,nbeauman5e,26-65-30-69-83-86
19551164,Emma Poolton,epoolton5f@blogtalkradio.com,epoolton5f,73-23-B7-04-38-96
99031400,Madonna Calam,mcalam5g@theguardian.com,mcalam5g,55-3A-1F-A2-C7-E0
57316564,Amerigo Garioch,agarioch5h@dot.gov,agarioch5h,AC-E3-DD-11-2D-33
62992535,Glynda Morfield,gmorfield5i@cnbc.com,gmorfield5i,B5-9A-54-FB-48-A5
66921456,Ashlee Mallinson,amallinson5j@ycombinator.com,amallinson5j,21-F2-41-4F-95-31
96806207,Sylvan Angelini,sangelini5k@vistaprint.com,sangelini5k,B2-D7-E2-B1-EE-C7
28700867,Alexio Fowley,afowley5l@mapy.cz,afowley5l,A2-7C-93-E2-22-27
16130266,Vivianna Isley,visley5m@google.it,visley5m,84-BB-29-9E-A7-78
82342240,Marline Houten,mhouten5n@behance.net,mhouten5n,89-2B-6B-88-01-15
03818662,Blanch Rizzardi,brizzardi5o@google.com,brizzardi5o,41-12-45-F4-B2-83
26165343,Rogers Sturdey,rsturdey5p@webmd.com,rsturdey5p,9B-02-26-17-35-2D
90602678,Celine Leggs,cleggs5q@reuters.com,cleggs5q,CA-EB-FF-ED-54-69
41597769,Elvin Sarsons,esarsons5r@google.co.uk,esarsons5r,58-9F-18-91-E0-38
20189339,Stacee Ionnisian,sionnisian5s@ca.gov,sionnisian5s,A6-F6-7D-C5-C7-06
97955755,Nickolaus Grayson,ngrayson5t@cargocollective.com,ngrayson5t,20-2F-05-C1-DF-39
32488063,Britta Dickings,bdickings5u@icio.us,bdickings5u,88-EE-96-07-87-4D
54701946,Georges Hayball,ghayball5v@51.la,ghayball5v,CD-83-E5-9C-B2-2A
15310507,Sharyl Emmison,semmison5w@nytimes.com,semmison5w,DE-74-1F-52-5B-8F
36367921,Thayne Priver,tpriver5x@ebay.co.uk,tpriver5x,30-78-3A-A1-47-09
47526668,Othelia Bullimore,obullimore5y@businessweek.com,obullimore5y,14-3A-18-24-8E-50
74216799,Kathy Matterson,kmatterson5z@tiny.cc,kmatterson5z,7E-A3-1C-8B-FE-51
38796286,Kikelia Jeandin,kjeandin60@gov.uk,kjeandin60,AD-A3-6B-37-0E-54
84744097,Marcelo Kuban,mkuban61@lulu.com,mkuban61,A6-89-8E-EA-2C-47
95271535,Muhammad Raylton,mraylton62@blogtalkradio.com,mraylton62,F1-4C-19-D5-E4-96
27141230,Edouard Eke,eeke63@bloomberg.com,eeke63,89-E5-AD-B1-D4-18
55956053,Sidney Nornasell,snornasell64@apache.org,snornasell64,01-30-56-C9-68-43
59134833,Lucinda Sybe,lsybe65@webnode.com,lsybe65,E9-42-E3-1A-24-7F
41377763,Cathee Bartlomiejczyk,cbartlomiejczyk66@patch.com,cbartlomiejczyk66,EB-C8-E7-0A-D9-49
69162011,Flori McGinley,fmcginley67@yandex.ru,fmcginley67,88-72-9C-E5-AF-02
81199757,Roselia Stourton,rstourton68@mediafire.com,rstourton68,37-FA-35-ED-52-73
39268116,Sascha Rattrie,srattrie69@google.co.uk,srattrie69,7D-8B-2C-E2-F3-57
56580831,Heath Mixer,hmixer6a@cyberchimps.com,hmixer6a,48-10-B8-C1-C2-3A
25007080,Burgess Phizaclea,bphizaclea6b@privacy.gov.au,bphizaclea6b,01-02-E7-72-C6-52
98273064,Carmela Downs,cdowns6c@cdbaby.com,cdowns6c,7F-4C-73-4B-60-54
03417233,Bab Hacaud,bhacaud6d@nationalgeographic.com,bhacaud6d,92-82-FD-B5-35-1F
53565336,Smitty Sainthill,ssainthill6e@nasa.gov,ssainthill6e,5E-38-5E-DA-80-81
89797738,Eldon Gudde,egudde6f@reddit.com,egudde6f,A0-73-CC-00-FD-AF
22204627,Lizabeth Mattam,lmattam6g@sbwire.com,lmattam6g,E1-CE-1D-0A-F7-FF
45614009,Bianka Daborne,bdaborne6h@netscape.com,bdaborne6h,36-AB-FE-6C-AF-00
23931941,Nellie O'Hannen,nohannen6i@ning.com,nohannen6i,96-74-44-63-71-84
01583597,Link Philpots,lphilpots6j@g.co,lphilpots6j,37-B9-D1-EC-EB-31
06726216,Cori Hinckley,chinckley6k@youtube.com,chinckley6k,20-A7-54-1E-90-C9
81100531,Ado Morcombe,amorcombe6l@theglobeandmail.com,amorcombe6l,92-A1-E2-74-2E-1A
57934825,Gayel Preist,gpreist6m@nymag.com,gpreist6m,A4-49-FF-17-F4-A4
72688620,Gabie McGrory,gmcgrory6n@mit.edu,gmcgrory6n,45-02-6D-7A-7C-9F
15417370,Sidonnie Spellworth,sspellworth6o@theguardian.com,sspellworth6o,A9-D3-7F-0C-12-EF
75188162,Cesaro Addionizio,caddionizio6p@geocities.jp,caddionizio6p,E6-59-0E-28-6D-23
07337150,Engelbert O'Rourke,eorourke6q@wsj.com,eorourke6q,A0-57-6A-A3-7F-10
77725902,Adriana Yann,ayann6r@google.com,ayann6r,9F-E6-F1-03-3A-10
17723448,Vasili Ratt,vratt6s@zimbio.com,vratt6s,AC-25-37-CB-34-8C
80260083,Grethel Sleeny,gsleeny6t@pinterest.com,gsleeny6t,F6-E3-DF-D6-0C-42
40105002,Rurik Pavyer,rpavyer6u@fema.gov,rpavyer6u,2E-1B-0E-79-3B-D0
63276862,Roobbie Hargrave,rhargrave6v@un.org,rhargrave6v,28-97-72-7D-72-81
59418341,Marjory Schall,mschall6w@gmpg.org,mschall6w,77-72-31-04-70-5E
22192923,Dorry Bastone,dbastone6x@g.co,dbastone6x,42-A4-31-94-C5-66
73374709,Harli Lidgard,hlidgard6y@chron.com,hlidgard6y,4C-63-E8-AC-B7-6F
92641276,Phelia Murcutt,pmurcutt6z@studiopress.com,pmurcutt6z,9A-51-31-41-E8-1C
18617135,Reggis Allcorn,rallcorn70@meetup.com,rallcorn70,06-CF-36-D2-60-50
50020809,Ford Stebbings,fstebbings71@newyorker.com,fstebbings71,BA-80-7D-BA-1B-F4
94793702,Cody Hullbrook,chullbrook72@rambler.ru,chullbrook72,D1-1F-ED-CB-76-31
40995305,Erna Burgess,eburgess73@hhs.gov,eburgess73,78-10-EF-3A-8A-32
61050115,Selestina McIlheran,smcilheran74@ibm.com,smcilheran74,A1-CD-C9-B3-C4-CF
62737548,Lina Uman,luman75@howstuffworks.com,luman75,06-1C-14-23-B4-C5
80105140,Pennie Loveredge,ploveredge76@exblog.jp,ploveredge76,90-4E-6B-C7-78-1F
01266578,Gloriane Mauser,gmauser77@bloomberg.com,gmauser77,A2-1E-B1-C4-AF-15
15781696,Rowena Dudeney,rdudeney78@utexas.edu,rdudeney78,9E-9D-9C-0B-2C-CD
12696166,Cathi Janaway,cjanaway79@vimeo.com,cjanaway79,49-23-19-9D-AC-C5
23774478,Dacy Moss,dmoss7a@sohu.com,dmoss7a,85-B9-08-11-10-0B
00458126,Janette Tapley,jtapley7b@icq.com,jtapley7b,73-DF-15-CB-CA-99
08391543,Nonna Halton,nhalton7c@ft.com,nhalton7c,A5-DB-A1-4A-1C-49
42502320,Ellen Askwith,easkwith7d@cafepress.com,easkwith7d,F0-63-2A-B6-87-08
80552625,Gerri Feilden,gfeilden7e@smugmug.com,gfeilden7e,5B-42-7A-27-51-D8
61158304,Clara Szymon,cszymon7f@newsvine.com,cszymon7f,66-A3-92-DE-55-8A
60080245,Sonnnie Dowdall,sdowdall7g@goo.ne.jp,sdowdall7g,52-0D-FD-B9-8E-EB
50036339,Daniel Rachuig,drachuig7h@alibaba.com,drachuig7h,52-96-33-F3-A4-C6
23080399,Terrance Starton,tstarton7i@sogou.com,tstarton7i,06-79-B4-89-D7-08
29115826,Gayler Hallybone,ghallybone7j@github.io,ghallybone7j,97-C5-0C-80-71-E3
59922058,Louisette Lange,llange7k@ehow.com,llange7k,2F-B5-D6-A5-4D-17
42642559,Kerwinn Vinecombe,kvinecombe7l@vk.com,kvinecombe7l,14-D5-1D-40-CB-64
82011876,Hyman Strickett,hstrickett7m@technorati.com,hstrickett7m,35-A3-80-9F-77-CD
16305242,Marrissa Radmer,mradmer7n@arizona.edu,mradmer7n,02-61-87-E7-98-90
53561703,Pietro Fante,pfante7o@privacy.gov.au,pfante7o,A0-80-4E-02-3D-D8
64756792,Welby Daviot,wdaviot7p@aboutads.info,wdaviot7p,2C-F6-72-DC-36-1B
74166361,Fredrika Shapero,fshapero7q@pagesperso-orange.fr,fshapero7q,9F-33-D5-31-43-CC
99724094,Nevin Francesco,nfrancesco7r@opera.com,nfrancesco7r,E1-F1-FC-58-47-19
28015062,Donal Gianolini,dgianolini7s@opera.com,dgianolini7s,19-9D-AE-0D-D9-68
72216535,Calla Cruickshank,ccruickshank7t@digg.com,ccruickshank7t,D8-5D-98-12-66-63
72573433,Randa Jeffcoat,rjeffcoat7u@is.gd,rjeffcoat7u,95-4A-98-9D-00-E5
86386409,Lyman Eate,leate7v@tinyurl.com,leate7v,A5-5F-C1-99-76-CA
67199285,Mamie Reolfo,mreolfo7w@about.me,mreolfo7w,F5-8D-EC-80-F2-1B
36651621,Nikolaus Tolcher,ntolcher7x@illinois.edu,ntolcher7x,A4-90-13-65-B8-CF
07789421,Kyle Lempel,klempel7y@csmonitor.com,klempel7y,79-D8-34-B9-6D-86
39357963,Alicia Faiers,afaiers7z@oracle.com,afaiers7z,91-C3-4C-53-03-38
84432314,Sherwynd Prazer,sprazer80@fda.gov,sprazer80,A9-AC-8B-72-4A-3C
57119004,Gwyn Zaczek,gzaczek81@aboutads.info,gzaczek81,60-7E-74-88-43-56
73445970,Faith Raisbeck,fraisbeck82@g.co,fraisbeck82,B5-26-40-0E-DB-2B
29424973,Noami Oxe,noxe83@ifeng.com,noxe83,69-BF-70-D1-29-3F
96813302,Malvin Strettell,mstrettell84@sfgate.com,mstrettell84,7D-E5-33-E5-66-54
55932116,Harald Shuttell,hshuttell85@ezinearticles.com,hshuttell85,3C-1F-BE-AD-B2-C9
50383013,Aurora Sheer,asheer86@msn.com,asheer86,F6-D1-C5-FA-C3-EB
12338860,Deedee Swanne,dswanne87@cafepress.com,dswanne87,24-7F-99-9B-B6-74
99543528,Alyosha Ciccottio,aciccottio88@hibu.com,aciccottio88,30-51-66-4F-EE-48
50529334,Richardo Taunton,rtaunton89@wordpress.org,rtaunton89,51-85-7C-27-ED-2D
85945664,Ignacio Titley,ititley8a@linkedin.com,ititley8a,62-C1-5C-F1-D5-DA
81320648,Rea Butter,rbutter8b@ocn.ne.jp,rbutter8b,F3-D3-3F-89-32-CC
81488105,Gerardo Thorn,gthorn8c@cloudflare.com,gthorn8c,1D-36-C1-40-AB-8A
97520046,Leshia Bryenton,lbryenton8d@ft.com,lbryenton8d,8D-C8-72-0D-A8-EF
52471002,Bathsheba Hakonsen,bhakonsen8e@1und1.de,bhakonsen8e,47-10-33-BA-87-52
71970563,Merrile Cordsen,mcordsen8f@delicious.com,mcordsen8f,BB-BC-2C-B0-5E-36
20401731,Lorette Cumberledge,lcumberledge8g@w3.org,lcumberledge8g,3A-2E-15-AD-DF-77
11457307,Veronika Freeburn,vfreeburn8h@cafepress.com,vfreeburn8h,D2-4E-13-BB-0E-97
25849074,Sigismond Jacobovitch,sjacobovitch8i@jimdo.com,sjacobovitch8i,43-38-94-4C-4B-87
45935238,Celisse Sharp,csharp8j@omniture.com,csharp8j,77-D9-8B-F3-05-74
83754800,Ailey Clemont,aclemont8k@wix.com,aclemont8k,50-C4-22-38-2D-6B
48355770,Perice McShea,pmcshea8l@e-recht24.de,pmcshea8l,C2-75-CC-BB-03-A0
90064476,Edithe Claire,eclaire8m@xrea.com,eclaire8m,1E-E1-52-BE-05-F8
55646466,Brandice Rostern,brostern8n@webeden.co.uk,brostern8n,9E-E0-6C-D5-BE-4F
62388238,Fallon Colborn,fcolborn8o@ucoz.ru,fcolborn8o,21-66-B3-A6-CA-BF
15373606,Adria Buntine,abuntine8p@ezinearticles.com,abuntine8p,37-5B-71-FD-46-94
97171358,Antoni O'Rodane,aorodane8q@ifeng.com,aorodane8q,53-20-8C-F8-B5-98
54156571,Jerrie Livings,jlivings8r@newsvine.com,jlivings8r,5F-58-DF-D6-E2-6C
78362743,Mic Moret,mmoret8s@tumblr.com,mmoret8s,EB-C5-20-2D-40-8B
25245701,Colene Spadelli,cspadelli8t@jimdo.com,cspadelli8t,36-C4-EA-A8-76-CA
19127209,Amerigo Bowart,abowart8u@dailymotion.com,abowart8u,D9-86-B7-84-89-A0
71179506,Fedora Gooder,fgooder8v@chron.com,fgooder8v,C5-D8-5E-6A-6E-58
54528713,Gusti Castanone,gcastanone8w@hubpages.com,gcastanone8w,7E-F9-4D-AF-83-70
26341436,Gilda Quarrington,gquarrington8x@ycombinator.com,gquarrington8x,C5-53-58-4E-FC-54
57224091,Nicolette Yurivtsev,nyurivtsev8y@hao123.com,nyurivtsev8y,36-24-72-6D-20-70
85310321,Margalo Bearham,mbearham8z@aol.com,mbearham8z,89-B4-5E-2C-0F-A5
31320389,Van Robeson,vrobeson90@icio.us,vrobeson90,CF-D5-6B-92-D2-15
23898128,Roi Limpricht,rlimpricht91@aboutads.info,rlimpricht91,22-BF-6A-E2-36-13
19774199,Cher Battersby,cbattersby92@t.co,cbattersby92,9A-37-20-31-04-B0
22808381,Bellanca Guerrier,bguerrier93@upenn.edu,bguerrier93,13-C7-D6-D3-B5-E8
32634211,Hube Ardy,hardy94@elegantthemes.com,hardy94,88-4D-D7-2B-57-BB
29412037,Eulalie Huggard,ehuggard95@over-blog.com,ehuggard95,E3-8E-23-E8-39-3F
29455467,Cordey Davey,cdavey96@yahoo.com,cdavey96,60-E7-B9-C8-73-8C
18263680,Phyllys Dovidaitis,pdovidaitis97@ucsd.edu,pdovidaitis97,D7-3A-F3-2A-B9-BA
44730491,Pru Muddimer,pmuddimer98@yandex.ru,pmuddimer98,79-36-86-90-1D-9C
68110138,Abbe Ambroise,aambroise99@liveinternet.ru,aambroise99,6C-D4-74-5A-91-4E
09372281,Dannie York,dyork9a@ftc.gov,dyork9a,9E-9E-47-CC-39-2C
69524975,Romy Skett,rskett9b@dion.ne.jp,rskett9b,FC-1D-BA-8A-44-4F
55837460,Drusilla Dreschler,ddreschler9c@youtu.be,ddreschler9c,1F-8E-C6-78-B2-B3
85829394,Elbert Bilofsky,ebilofsky9d@dot.gov,ebilofsky9d,56-4F-8B-34-79-44
71945184,Brooks Petasch,bpetasch9e@sina.com.cn,bpetasch9e,07-C8-E1-4C-F9-74
76217274,Lavina Olivi,lolivi9f@tuttocitta.it,lolivi9f,74-4B-1C-77-8F-2B
17470979,Kip Androletti,kandroletti9g@com.com,kandroletti9g,5F-F7-7A-F6-60-CE
93060736,Olive Marten,omarten9h@hugedomains.com,omarten9h,4C-81-2B-A7-01-2F
97581759,Albertine Bygate,abygate9i@squidoo.com,abygate9i,0E-CD-E0-70-70-03
64964314,Vanna De Filippo,vde9j@ihg.com,vde9j,F3-AF-24-D5-DB-5A
76348835,Mychal Brandenburg,mbrandenburg9k@desdev.cn,mbrandenburg9k,5C-37-35-26-68-DC
20939151,Thain Keyden,tkeyden9l@istockphoto.com,tkeyden9l,37-85-8B-E6-EA-1E
19556031,Homere Saturley,hsaturley9m@salon.com,hsaturley9m,25-AA-08-45-01-CB
97412986,Silvio Edghinn,sedghinn9n@hatena.ne.jp,sedghinn9n,FC-8D-75-3F-74-40
99854294,Jenine Tamburi,jtamburi9o@constantcontact.com,jtamburi9o,A1-EA-F2-D6-98-7F
15860139,Ari Jeffry,ajeffry9p@jugem.jp,ajeffry9p,FF-F9-F2-CA-16-A9
70463967,Bobbie MacQuarrie,bmacquarrie9q@odnoklassniki.ru,bmacquarrie9q,49-FC-82-93-58-B5
03531308,Hermione Ambrogetti,hambrogetti9r@vimeo.com,hambrogetti9r,CB-EB-2D-7A-79-EC
40758415,Ame Huyhton,ahuyhton9s@cocolog-nifty.com,ahuyhton9s,2B-3D-0C-8C-9C-DC
09137972,Meir Larway,mlarway9t@joomla.org,mlarway9t,A6-35-63-83-88-65
25745382,Raina Dennidge,rdennidge9u@fc2.com,rdennidge9u,8A-18-14-42-86-DC
69642133,Olga Seymer,oseymer9v@eepurl.com,oseymer9v,01-B9-10-96-E6-60
37429863,Nerta Duthy,nduthy9w@hhs.gov,nduthy9w,B6-D2-42-27-E5-7D
48623538,Elnar Jenteau,ejenteau9x@fema.gov,ejenteau9x,C7-A1-2A-59-28-2A
04901138,Bessie Machans,bmachans9y@yellowbook.com,bmachans9y,9A-A6-19-23-8A-99
35505423,Pooh Boig,pboig9z@flavors.me,pboig9z,FB-A8-73-1E-33-CE
66978799,Lorenza Campo,lcampoa0@icio.us,lcampoa0,59-DE-2D-26-98-8E
84696906,Ross Belverstone,rbelverstonea1@cdc.gov,rbelverstonea1,C2-71-86-18-C3-C1
66222911,Marv Shepperd,mshepperda2@nymag.com,mshepperda2,3D-88-5C-A3-EB-C2
43470329,Glen Meenehan,gmeenehana3@gov.uk,gmeenehana3,58-A3-DA-CE-FE-F7
98547412,Jeremie Platfoot,jplatfoota4@youtu.be,jplatfoota4,E5-A3-EE-99-42-ED
60909437,Cassius Marginson,cmarginsona5@sphinn.com,cmarginsona5,61-CC-ED-9B-B3-38
15992436,Orren Lamps,olampsa6@cbc.ca,olampsa6,35-B9-0B-15-39-9E
55911661,Evan Heape,eheapea7@multiply.com,eheapea7,50-59-74-FA-DC-28
88656427,Eryn Nicholes,enicholesa8@myspace.com,enicholesa8,D7-F8-43-EA-C4-8D
49057733,Juliette Kobera,jkoberaa9@columbia.edu,jkoberaa9,93-FB-B4-54-58-F5
60315769,Casie Jilliss,cjillissaa@de.vu,cjillissaa,D9-1B-A2-5C-0F-55
08841479,Ford Di Antonio,fdiab@godaddy.com,fdiab,6D-9B-F5-E7-94-BA
78089930,Anneliese Jury,ajuryac@techcrunch.com,ajuryac,55-6E-95-D9-84-F8
14409178,Lucienne McCrorie,lmccroriead@hibu.com,lmccroriead,9B-8A-AE-37-00-83
24168727,Brade Withrington,bwithringtonae@zdnet.com,bwithringtonae,84-A4-AE-CA-BD-A5
51858893,Carolus Llorente,cllorenteaf@uol.com.br,cllorenteaf,61-2D-82-19-0C-15
39804260,Shellie Wickmann,swickmannag@craigslist.org,swickmannag,9C-3C-52-1C-8A-B5
71982039,Alphonse McVie,amcvieah@adobe.com,amcvieah,C3-4E-68-B7-E2-CF
37638396,Wendy Yendall,wyendallai@g.co,wyendallai,A9-0B-7D-14-3E-C1
59952337,Jamison Wem,jwemaj@drupal.org,jwemaj,89-29-7E-0E-E1-C7
46655063,Roxine Winsiowiecki,rwinsiowieckiak@accuweather.com,rwinsiowieckiak,27-A1-F4-1C-30-49
85769964,Cosimo Tothe,ctotheal@posterous.com,ctotheal,A2-48-C2-9D-43-C7
16222091,Cammie Driscoll,cdriscollam@theatlantic.com,cdriscollam,8F-65-16-FC-A1-1A
35249871,Ingra Golston,igolstonan@rambler.ru,igolstonan,3E-47-2C-A5-33-56
21757121,Imogene Melloi,imelloiao@patch.com,imelloiao,C2-0A-FA-22-D9-20
58264152,Jeannie Paradis,jparadisap@ted.com,jparadisap,D1-E5-E2-95-0A-01
56182061,Robin Bottoner,rbottoneraq@ucsd.edu,rbottoneraq,25-5F-CB-C7-81-59
68467954,Gwendolyn Brumwell,gbrumwellar@earthlink.net,gbrumwellar,1D-82-63-F5-05-A1
24349021,Jacqui Lindwasser,jlindwasseras@amazonaws.com,jlindwasseras,FE-62-6B-D3-EE-25
43783290,Kameko McKevin,kmckevinat@nbcnews.com,kmckevinat,D4-97-7C-9A-50-03
12465282,Lena Beckles,lbecklesau@noaa.gov,lbecklesau,DB-65-50-EA-B5-6D
28692654,Eldridge Levensky,elevenskyav@yale.edu,elevenskyav,BA-2E-FF-3E-33-4F
60208544,Nolly Keeley,nkeeleyaw@constantcontact.com,nkeeleyaw,DE-F1-80-C7-20-89
82561372,Xylia Honniebal,xhonniebalax@cdc.gov,xhonniebalax,82-8F-92-4D-29-70
60343520,Lonni Matignon,lmatignonay@state.gov,lmatignonay,28-1F-9C-16-C0-64
13872529,Carlee Daspar,cdasparaz@soup.io,cdasparaz,08-3B-D2-58-6F-AD
40235071,Denyse Exelby,dexelbyb0@cyberchimps.com,dexelbyb0,EA-2B-B6-22-79-FC
24393509,Sapphira Carriage,scarriageb1@paginegialle.it,scarriageb1,4B-55-81-64-1B-6A
12287005,Pauline Schimaschke,pschimaschkeb2@dmoz.org,pschimaschkeb2,B8-22-C5-49-F1-95
65370650,Tulley Bealton,tbealtonb3@indiegogo.com,tbealtonb3,A3-E2-E4-58-FA-E6
65341291,Sheppard Halson,shalsonb4@printfriendly.com,shalsonb4,44-04-62-35-92-28
90170847,Kelsy Chismon,kchismonb5@hostgator.com,kchismonb5,48-DA-6A-41-69-84
62696107,Aldwin Francesc,afrancescb6@intel.com,afrancescb6,D3-D2-5C-55-6D-65
06043181,Tonnie Wingeat,twingeatb7@paypal.com,twingeatb7,BF-00-12-2E-1B-CB
97006984,Kassie Sullivan,ksullivanb8@ehow.com,ksullivanb8,48-DE-24-AF-33-58
14429238,Lissie Eltun,leltunb9@who.int,leltunb9,8C-00-5B-59-AB-64
30486892,Sonnnie Kollach,skollachba@army.mil,skollachba,B8-62-71-9C-B4-72
32675966,Josey Durtnall,jdurtnallbb@icio.us,jdurtnallbb,44-B5-74-CF-E9-12
77953545,Melly Whysall,mwhysallbc@salon.com,mwhysallbc,41-64-9E-E8-6F-BE
64417452,Evita Barwell,ebarwellbd@theglobeandmail.com,ebarwellbd,EF-B7-D3-9C-AB-84
99743861,Michale Banisch,mbanischbe@yale.edu,mbanischbe,1F-2B-99-40-E4-6A
00995858,Nelie Castanos,ncastanosbf@bbb.org,ncastanosbf,48-6C-1E-AD-E1-C2
56435539,Bob Rann,brannbg@simplemachines.org,brannbg,06-09-27-05-74-27
37283173,Mattie Forsey,mforseybh@auda.org.au,mforseybh,65-A0-97-59-5A-51
34255303,Royal Bradly,rbradlybi@about.com,rbradlybi,26-BF-8C-F5-88-D0
94579686,Morrie McElory,mmcelorybj@aboutads.info,mmcelorybj,A7-57-F8-17-80-2F
92545592,Britney Lyptrade,blyptradebk@miibeian.gov.cn,blyptradebk,A8-C9-25-E3-FB-FB
04219169,Dion Thunderman,dthundermanbl@answers.com,dthundermanbl,81-11-91-B1-71-6E
29131437,Eleen Goodier,egoodierbm@usa.gov,egoodierbm,44-6C-83-9C-A0-7D
45817480,Katey Algate,kalgatebn@homestead.com,kalgatebn,1E-E0-6C-2B-EF-2C
63376848,Trude Wreford,twrefordbo@baidu.com,twrefordbo,96-D6-0C-CF-1F-01
72046091,Nyssa Ranaghan,nranaghanbp@blog.com,nranaghanbp,A7-D7-CC-6B-6F-1F
74001829,Loella Lots,llotsbq@phoca.cz,llotsbq,63-AF-E4-07-15-FF
46340072,Winslow Reynoldson,wreynoldsonbr@state.gov,wreynoldsonbr,17-91-13-F5-27-89
07929854,Nikolia Searchfield,nsearchfieldbs@moonfruit.com,nsearchfieldbs,6B-6F-D0-23-B3-4A
36695698,Shari Burberye,sburberyebt@google.co.jp,sburberyebt,3C-63-85-CB-B1-89
72858754,Myrna Blincoe,mblincoebu@over-blog.com,mblincoebu,DF-42-FD-B2-25-63
03002130,Krissie Osman,kosmanbv@paypal.com,kosmanbv,62-3E-1A-91-6B-3D
57153943,Geno Klaus,gklausbw@woothemes.com,gklausbw,D8-C7-08-21-F9-5E
28703676,Ashla Lemmanbie,alemmanbiebx@facebook.com,alemmanbiebx,24-AF-A9-9F-5E-7F
57768311,Jone Baseggio,jbaseggioby@google.co.jp,jbaseggioby,0F-8D-5A-26-2A-80
34919041,Daniele Sidebotham,dsidebothambz@cam.ac.uk,dsidebothambz,76-3D-80-39-BC-FF
69239357,Carlina Jervois,cjervoisc0@moonfruit.com,cjervoisc0,67-79-01-18-8D-0D
61713746,Nathan Guidera,nguiderac1@geocities.com,nguiderac1,F5-53-ED-1A-6B-13
45296351,Susann Spilisy,sspilisyc2@jiathis.com,sspilisyc2,61-29-08-FD-0D-7F
03094005,Berta Paulo,bpauloc3@bbb.org,bpauloc3,B9-76-57-C0-7E-CF
40372923,Monty Archanbault,marchanbaultc4@reference.com,marchanbaultc4,DE-58-35-1A-E3-5D
41218028,Christie Struan,cstruanc5@loc.gov,cstruanc5,45-A7-96-95-2A-2C
25131960,Lilia Geeritz,lgeeritzc6@ustream.tv,lgeeritzc6,FC-F8-1F-30-04-D5
74448789,Edee Naseby,enasebyc7@nih.gov,enasebyc7,DF-44-F7-DE-0E-67
48099650,Coriss D'Emanuele,cdemanuelec8@illinois.edu,cdemanuelec8,C3-D3-24-92-1C-37
86547566,Neala Lovat,nlovatc9@bloglines.com,nlovatc9,7F-AB-C8-C0-7A-B6
13458271,Felipe Gemmill,fgemmillca@arizona.edu,fgemmillca,4C-0C-23-2D-0F-B8
92985213,Hubey O'Brogane,hobroganecb@yahoo.com,hobroganecb,A4-20-87-0A-A3-61
01901642,Michele Kabisch,mkabischcc@yahoo.co.jp,mkabischcc,EC-16-F4-BB-72-CA
28289654,Darcee Vickers,dvickerscd@netvibes.com,dvickerscd,2A-F2-93-B7-00-F2
44020824,Carleton Nuton,cnutonce@cnbc.com,cnutonce,4C-A1-7D-FD-D8-CB
85791705,Becka Sowter,bsowtercf@harvard.edu,bsowtercf,BA-28-8E-7F-2F-18
79153697,Giffer Works,gworkscg@squidoo.com,gworkscg,B2-6A-7C-2A-CB-8D
73854844,Melamie Corner,mcornerch@senate.gov,mcornerch,B0-A6-15-8B-64-FB
79305327,Nikki Coyne,ncoyneci@dedecms.com,ncoyneci,8A-AF-28-D0-5B-B6
51479693,Hatty Dick,hdickcj@constantcontact.com,hdickcj,13-C2-9D-7C-80-42
96406260,Mikael Jedrzejkiewicz,mjedrzejkiewiczck@nbcnews.com,mjedrzejkiewiczck,2A-E1-0F-37-62-A2
79023606,Steven Murrthum,smurrthumcl@imageshack.us,smurrthumcl,85-ED-56-0D-15-D6
45773912,Karim Craine,kcrainecm@biblegateway.com,kcrainecm,0B-FE-58-CB-49-86
82003881,Haydon Collinge,hcollingecn@artisteer.com,hcollingecn,50-19-1E-44-29-B7
51438201,Northrup Dockray,ndockrayco@xinhuanet.com,ndockrayco,FB-FF-E8-03-8C-E5
42720693,Gabbey Toun,gtouncp@japanpost.jp,gtouncp,05-0F-2A-35-C2-0F
85315009,William Barrus,wbarruscq@tuttocitta.it,wbarruscq,EC-68-D5-71-45-AE
80944119,Claiborne Garken,cgarkencr@springer.com,cgarkencr,43-67-5A-E5-15-1B
74983002,Ingrim Staziker,istazikercs@hc360.com,istazikercs,AF-4C-23-7F-E2-87
86620977,Flss Skehan,fskehanct@hhs.gov,fskehanct,72-B0-97-BF-51-D2
10869597,Shelagh Spink,sspinkcu@huffingtonpost.com,sspinkcu,32-0B-6D-97-1F-03
18232358,Abram Pimerick,apimerickcv@deliciousdays.com,apimerickcv,0D-C6-A2-7F-ED-18
64020437,Sallie Goldsbury,sgoldsburycw@chronoengine.com,sgoldsburycw,8C-C0-88-B8-60-68
04347733,Westley Delatour,wdelatourcx@hexun.com,wdelatourcx,A7-AF-EB-32-BF-42
20439878,Fey Iliff,filiffcy@ycombinator.com,filiffcy,B8-F9-44-D6-9D-D0
30357010,Conny Vant,cvantcz@cargocollective.com,cvantcz,67-F3-A1-00-D3-75
58985080,Dallas Babbs,dbabbsd0@github.io,dbabbsd0,C0-ED-57-DE-80-B4
06192711,Hyacintha Lisciandri,hlisciandrid1@forbes.com,hlisciandrid1,BE-9C-0A-C5-B1-4B
64069261,Eleanore Waby,ewabyd2@is.gd,ewabyd2,0F-C0-7B-5C-09-92
36257105,William Sinkins,wsinkinsd3@ca.gov,wsinkinsd3,72-F4-1B-3D-80-25
07114324,Sybila Axston,saxstond4@scientificamerican.com,saxstond4,98-38-83-2C-F4-00
56567002,Neala Prettjohn,nprettjohnd5@illinois.edu,nprettjohnd5,58-29-9D-01-86-01
48415806,Byram Darbyshire,bdarbyshired6@joomla.org,bdarbyshired6,0A-7F-F6-B2-8C-38
22678737,Jules Sleath,jsleathd7@bloglovin.com,jsleathd7,0E-E8-EE-FD-C6-AA
56937013,Em Gilsthorpe,egilsthorped8@squarespace.com,egilsthorped8,88-65-94-A8-32-2A
15659353,Bree Thornthwaite,bthornthwaited9@phoca.cz,bthornthwaited9,9E-3D-1E-68-2B-A0
90759859,Gilberta McGarrell,gmcgarrellda@salon.com,gmcgarrellda,D5-2E-9D-CE-05-E0
84228742,Lanae Chastang,lchastangdb@wordpress.org,lchastangdb,43-A5-ED-42-AC-EF
51778485,Saul De Brett,sdedc@theatlantic.com,sdedc,C8-55-C0-2B-EA-D1
58696775,Shauna Harriskine,sharriskinedd@bing.com,sharriskinedd,34-FA-59-52-A6-A7
86615162,Rodrique Fardo,rfardode@biglobe.ne.jp,rfardode,00-FD-15-B7-B3-30
68876720,Aridatha Rodbourne,arodbournedf@washington.edu,arodbournedf,87-96-A6-F6-D6-17
53461657,Dev Crankshaw,dcrankshawdg@soup.io,dcrankshawdg,F3-A4-E6-61-66-B2
91960488,Marty Rome,mromedh@360.cn,mromedh,59-3B-66-8F-7C-A8
39150899,Herrick Dallimare,hdallimaredi@ted.com,hdallimaredi,47-81-7B-D1-39-BB
48505729,Starlin Sumbler,ssumblerdj@zdnet.com,ssumblerdj,79-D4-BE-1D-5E-27
68276468,Livvie Clail,lclaildk@sina.com.cn,lclaildk,71-9E-85-D8-95-23
36301485,Sal Rosencrantz,srosencrantzdl@theatlantic.com,srosencrantzdl,8B-F2-2B-CE-EB-C0
79427429,Allie Vincent,avincentdm@state.gov,avincentdm,AE-BF-E6-1F-C5-29
66200343,Ilise Weatherup,iweatherupdn@dot.gov,iweatherupdn,E8-45-10-F4-9A-3C
50799095,Kelvin Wymer,kwymerdo@printfriendly.com,kwymerdo,92-07-D7-70-6D-2F
26610535,Corey Dillintone,cdillintonedp@networkadvertising.org,cdillintonedp,94-1C-A8-9A-D8-5B
60013196,Llywellyn Vedntyev,lvedntyevdq@state.gov,lvedntyevdq,EC-FD-60-0B-94-38
65923266,Delmar Burroughes,dburroughesdr@woothemes.com,dburroughesdr,F8-86-4D-8F-FB-C5
16389261,Renault Nolleth,rnollethds@engadget.com,rnollethds,64-03-36-B4-8F-17
20869596,Aarika Penbarthy,apenbarthydt@mediafire.com,apenbarthydt,9A-D1-7D-4B-A6-6D
17859226,Abbe Pitford,apitforddu@oaic.gov.au,apitforddu,78-59-F8-F7-A4-E7
12400329,Di De Bruyn,ddedv@usnews.com,ddedv,B9-25-36-93-F9-50
02237198,Cory Heeps,cheepsdw@vk.com,cheepsdw,44-93-7F-51-8A-18
32894549,Flo Cowley,fcowleydx@omniture.com,fcowleydx,92-2B-8F-87-57-4B
16540309,Nolly Freddi,nfreddidy@blogtalkradio.com,nfreddidy,E6-29-C2-D2-09-F5
58367995,Lazarus Mansion,lmansiondz@sciencedaily.com,lmansiondz,C9-17-6A-AD-C2-B8
44482540,Daile Titman,dtitmane0@hibu.com,dtitmane0,76-E3-75-47-17-D8
51202494,Faulkner Yakhin,fyakhine1@webeden.co.uk,fyakhine1,9B-FC-DF-73-7C-1E
39544251,Remus Wolpert,rwolperte2@about.com,rwolperte2,A1-93-A4-70-C3-3E
04643803,Peggi Liversidge,pliversidgee3@sogou.com,pliversidgee3,DD-41-BA-BA-2F-0D
37593078,Broddie Annandale,bannandalee4@foxnews.com,bannandalee4,42-CF-88-FA-52-0E
43100414,Evelin Sainsbury,esainsburye5@marketwatch.com,esainsburye5,C3-52-BE-AE-45-66
66363272,Devlin Webbe,dwebbee6@kickstarter.com,dwebbee6,92-EE-20-14-15-3D
44631027,Gerri Miskelly,gmiskellye7@answers.com,gmiskellye7,3C-86-FD-BF-9A-13
86084838,Karrah Gravatt,kgravatte8@ow.ly,kgravatte8,A6-0C-30-BE-6F-7E
92833804,Clarine Gaule,cgaulee9@lulu.com,cgaulee9,A3-97-7C-DD-1B-1C
06541490,Ekaterina Bevington,ebevingtonea@dmoz.org,ebevingtonea,4F-90-76-B9-38-D1
28602670,Syd Longland,slonglandeb@ox.ac.uk,slonglandeb,B3-53-B0-04-C5-28
41408242,Fayina Volante,fvolanteec@themeforest.net,fvolanteec,6C-1A-CD-FE-33-8F
03626521,Frank Stammers,fstammersed@nih.gov,fstammersed,3A-4A-A9-B2-AF-ED
14106809,Faunie Tapsfield,ftapsfieldee@sciencedaily.com,ftapsfieldee,77-78-00-93-0E-FE
14324311,Reeva Lynthal,rlynthalef@bloomberg.com,rlynthalef,A7-54-C7-36-C8-A1
14387978,Galina Borell,gborelleg@independent.co.uk,gborelleg,A6-6A-E8-77-8E-EE
29175585,Morena Larcier,mlarciereh@usgs.gov,mlarciereh,0E-33-69-5E-B2-4A
24071813,Bobinette Chritchlow,bchritchlowei@prweb.com,bchritchlowei,55-11-F5-90-76-F5
25176508,Kristopher Tolwood,ktolwoodej@deviantart.com,ktolwoodej,56-5E-E4-AC-05-02
79229368,Chico Moniker,cmonikerek@goo.gl,cmonikerek,27-7A-87-99-E1-14
43471118,Deirdre Hirtzmann,dhirtzmannel@themeforest.net,dhirtzmannel,75-67-D5-8A-40-17
45677789,Massimiliano Godleman,mgodlemanem@newsvine.com,mgodlemanem,06-0C-5C-C3-E1-33
27795127,Maggi Peck,mpecken@unc.edu,mpecken,37-BB-E3-0B-76-A7
68131629,Fayth Drillingcourt,fdrillingcourteo@freewebs.com,fdrillingcourteo,DA-59-3E-48-D2-A2
05807732,Clarey Punt,cpuntep@tinypic.com,cpuntep,92-48-DC-CC-70-12
85444492,Madelina Danielovitch,mdanielovitcheq@latimes.com,mdanielovitcheq,92-37-E6-DB-DD-72
27823197,Marje Van de Castele,mvaner@time.com,mvaner,0C-2D-FD-05-60-0B
90111931,Burgess Willows,bwillowses@opensource.org,bwillowses,78-9C-52-55-1F-7F
89415304,Valentia Lanyon,vlanyonet@cisco.com,vlanyonet,F8-A6-9F-32-02-F1
94890809,Onfroi MacGaughey,omacgaugheyeu@microsoft.com,omacgaugheyeu,CD-DE-AD-C4-C4-89
15690487,Eileen Louder,elouderev@yellowbook.com,elouderev,E0-83-F8-47-2D-E2
79020263,Klarrisa Eddis,keddisew@etsy.com,keddisew,43-6C-90-B0-4B-5E
60339699,Mirna Monte,mmonteex@cam.ac.uk,mmonteex,07-E5-AD-E6-A3-B2
27220601,Prudence Gress,pgressey@sohu.com,pgressey,31-0A-78-65-B4-09
25240707,Waldo Sprowle,wsprowleez@msu.edu,wsprowleez,9C-28-E1-EE-94-CE
11080227,Lebbie Domingues,ldominguesf0@umich.edu,ldominguesf0,0F-0A-A8-63-D7-38
17772243,Stephanie Brandrick,sbrandrickf1@usgs.gov,sbrandrickf1,79-BC-AD-8B-6D-E1
02559840,Gaylene Verty,gvertyf2@discuz.net,gvertyf2,6B-A4-1A-8C-EF-25
72823950,Hernando Mazin,hmazinf3@networksolutions.com,hmazinf3,9F-5F-F0-C1-5C-18
17342431,Anthiathia Reinisch,areinischf4@buzzfeed.com,areinischf4,09-FD-2E-FA-C9-0F
59627135,Lamond Hannent,lhannentf5@php.net,lhannentf5,9B-DE-75-C1-59-1B
17816176,Wye Percy,wpercyf6@theglobeandmail.com,wpercyf6,06-B5-7F-05-BD-FB
51367993,Glendon Helversen,ghelversenf7@census.gov,ghelversenf7,4C-6A-D8-8A-EA-90
32843366,Randee Dolan,rdolanf8@123-reg.co.uk,rdolanf8,B1-22-87-D2-48-10
49428579,Obediah Reilly,oreillyf9@opera.com,oreillyf9,18-35-93-50-E9-A8
74328989,Uri Ablewhite,uablewhitefa@goo.gl,uablewhitefa,25-38-90-FB-66-68
35257355,Ailsun Skoggins,askogginsfb@imdb.com,askogginsfb,8A-F3-EB-F3-22-3F
51305109,Becca LaBastida,blabastidafc@elpais.com,blabastidafc,0B-B5-A3-09-AB-0D
10496942,Susie Wace,swacefd@blogs.com,swacefd,D1-92-11-90-F9-46
78469956,Wendi Danniell,wdanniellfe@domainmarket.com,wdanniellfe,90-7E-61-3F-E1-0A
13208225,Frieda Dando,fdandoff@tuttocitta.it,fdandoff,A1-AF-6B-EA-1B-9B
56056682,Ephraim Yeldham,eyeldhamfg@squidoo.com,eyeldhamfg,A7-A7-3B-F3-1F-FB
18530755,Maud Palay,mpalayfh@surveymonkey.com,mpalayfh,5B-92-15-8F-A0-E2
80573346,Forester Turmell,fturmellfi@tinypic.com,fturmellfi,40-BB-C6-52-5F-78
57309094,Coral Sterry,csterryfj@google.ca,csterryfj,66-65-EE-BE-27-E5
81486875,Twila Coudray,tcoudrayfk@domainmarket.com,tcoudrayfk,7D-FF-21-16-B6-F8
56733137,Theda Willsmore,twillsmorefl@wix.com,twillsmorefl,24-74-BA-CB-EF-AC
82226298,Kenn Gabits,kgabitsfm@pagesperso-orange.fr,kgabitsfm,DC-8E-25-57-E0-D8
02472282,Francoise Pomphrett,fpomphrettfn@epa.gov,fpomphrettfn,F9-C4-B3-0A-4F-19
94168656,Colby Hubbert,chubbertfo@github.com,chubbertfo,6E-61-5D-C6-02-0F
95200759,Bale Render,brenderfp@skype.com,brenderfp,2E-7E-B0-B5-2D-47
34112887,Dewain Haacker,dhaackerfq@thetimes.co.uk,dhaackerfq,1D-5C-84-F3-5C-04
51637782,Isa Heeron,iheeronfr@trellian.com,iheeronfr,C5-D1-EA-3F-9C-71
06021075,Aili Purvis,apurvisfs@fc2.com,apurvisfs,D1-AD-79-75-CA-CB
96038391,Karyl Durtnel,kdurtnelft@chronoengine.com,kdurtnelft,7E-0A-6E-60-FF-A2
31203317,Nonnah Iannello,niannellofu@mashable.com,niannellofu,D4-FC-4D-F1-C9-D8
69891868,Quillan Dann,qdannfv@tiny.cc,qdannfv,8C-F6-7B-6F-03-EA
74418188,Millicent Bulle,mbullefw@ycombinator.com,mbullefw,44-7F-CB-34-B2-2D
60924412,Dori Handasyde,dhandasydefx@phpbb.com,dhandasydefx,11-16-DA-0C-65-43
61258743,Brice Bluett,bbluettfy@forbes.com,bbluettfy,0E-FE-A2-3E-FF-3D
36677607,Isa Di Francesco,idifz@about.me,idifz,86-E0-AF-B1-0A-B0
74180206,Romonda Donizeau,rdonizeaug0@nsw.gov.au,rdonizeaug0,0F-F4-07-02-C3-1A
84865657,Yasmeen Cescotti,ycescottig1@hubpages.com,ycescottig1,DF-D5-3C-F7-07-21
11546316,Yoko Tudor,ytudorg2@whitehouse.gov,ytudorg2,22-91-AE-E9-1B-54
98388220,Morty Burrass,mburrassg3@ed.gov,mburrassg3,B3-93-0A-44-4A-9E
05531200,Ariadne Albasiny,aalbasinyg4@netscape.com,aalbasinyg4,11-73-34-7C-73-32
76900788,Vitoria Todaro,vtodarog5@cbsnews.com,vtodarog5,F7-44-E4-96-4D-46
93904989,Gram Sangster,gsangsterg6@youku.com,gsangsterg6,6A-E4-40-1C-6F-D5
63940028,Carma Hallbord,challbordg7@xrea.com,challbordg7,62-AE-10-35-1B-58
40134917,Meredeth Riddles,mriddlesg8@biblegateway.com,mriddlesg8,B5-FB-8D-64-B1-A6
88701347,Bendick Culwen,bculweng9@artisteer.com,bculweng9,62-77-02-21-C4-BF
29497759,Saxe Mc Gaughey,smcga@alibaba.com,smcga,EC-9A-27-E3-74-C6
38353665,Leanora Ruttgers,lruttgersgb@upenn.edu,lruttgersgb,76-55-36-F1-9F-67
28362306,Jobyna Beachem,jbeachemgc@admin.ch,jbeachemgc,6F-2D-2E-97-DC-E0
27058367,Madelon Gerin,mgeringd@privacy.gov.au,mgeringd,62-9E-02-A6-13-E4
86408853,Claudetta Josovich,cjosovichge@yahoo.co.jp,cjosovichge,CB-D8-BE-0F-70-17
61148479,Keri Corday,kcordaygf@cisco.com,kcordaygf,C3-77-92-C3-E0-CE
24881681,Isidor Laydel,ilaydelgg@tinyurl.com,ilaydelgg,74-5C-DC-78-38-91
85134149,Eleen Sarver,esarvergh@bravesites.com,esarvergh,70-32-E1-86-09-5F
21713435,Michel Cargenven,mcargenvengi@netlog.com,mcargenvengi,0A-E9-D8-8E-32-35
66718247,Drusilla Budden,dbuddengj@biglobe.ne.jp,dbuddengj,6B-C0-A2-EC-A2-89
73706771,Nonie Reddin,nreddingk@mit.edu,nreddingk,1F-59-DC-D0-FA-D6
31930913,Al Skillicorn,askillicorngl@gov.uk,askillicorngl,AE-5B-92-6A-7F-98
67783101,Myrna Janoschek,mjanoschekgm@cloudflare.com,mjanoschekgm,8A-2F-46-D7-4D-53
12481101,Nickie Davio,ndaviogn@netlog.com,ndaviogn,C5-02-B2-A2-69-44
54234314,Leah Spada,lspadago@msu.edu,lspadago,AE-65-0D-8B-A7-5E
20214172,Carolyn Pidgeon,cpidgeongp@webmd.com,cpidgeongp,E4-9E-60-0C-EA-BA
76353754,Syd Jorez,sjorezgq@sphinn.com,sjorezgq,D4-3C-DD-F6-ED-E6
93613449,Danell Lansly,dlanslygr@bravesites.com,dlanslygr,BC-3A-47-C8-EC-39
24011615,Mirna Goodings,mgoodingsgs@a8.net,mgoodingsgs,2B-93-18-EC-3D-FF
53388714,Shawna McCuis,smccuisgt@skyrock.com,smccuisgt,5C-C9-EB-FA-74-92
06366309,Veradis Garwell,vgarwellgu@google.es,vgarwellgu,3C-03-C8-12-52-4C
53074816,Dede Canet,dcanetgv@nymag.com,dcanetgv,A7-08-6E-3B-AD-37
93209467,Erhart Castellini,ecastellinigw@google.it,ecastellinigw,4F-77-8A-33-0C-A7
22710515,Winthrop Boarder,wboardergx@pagesperso-orange.fr,wboardergx,3D-9C-4F-F0-F3-4E
32922812,Brenda Massinger,bmassingergy@hc360.com,bmassingergy,58-0B-B3-D7-84-BE
24557352,Guy MacCartan,gmaccartangz@statcounter.com,gmaccartangz,18-52-1C-97-C1-72
80208198,Odell Lurner,olurnerh0@cnbc.com,olurnerh0,B5-F4-0D-55-6B-2E
62472083,Dwain Speak,dspeakh1@bbc.co.uk,dspeakh1,EA-EB-2F-35-8B-D5
30523331,Antonetta Heaseman,aheasemanh2@cocolog-nifty.com,aheasemanh2,2F-85-37-A1-D9-64
65013522,Salomo O'Reagan,soreaganh3@diigo.com,soreaganh3,3F-4F-0F-E7-76-B9
01184609,Wilden McCart,wmccarth4@photobucket.com,wmccarth4,64-BF-58-42-EE-6C
65648220,Kat Holyland,kholylandh5@xing.com,kholylandh5,0D-2C-8C-17-A5-20
86336902,Shandra Oag,soagh6@marriott.com,soagh6,4A-E1-98-87-26-0E
76143042,Paloma Paolinelli,ppaolinellih7@mashable.com,ppaolinellih7,3B-AF-B8-AA-20-C5
71904007,Vincent Roisen,vroisenh8@google.pl,vroisenh8,29-50-BB-8A-2E-13
38517440,Aaren Adamiec,aadamiech9@geocities.com,aadamiech9,DE-F2-11-49-62-B4
10419976,Simona Knaggs,sknaggsha@un.org,sknaggsha,01-39-42-81-29-64
20557101,Guenevere Entwhistle,gentwhistlehb@msn.com,gentwhistlehb,BF-FB-6B-DC-62-5D
90070385,Andre Cleef,acleefhc@globo.com,acleefhc,A7-CC-DE-56-D6-F7
18881449,Onofredo Pappin,opappinhd@squarespace.com,opappinhd,A5-99-14-98-93-10
41202255,Brinna Kyffin,bkyffinhe@phpbb.com,bkyffinhe,48-F6-0B-25-5D-F8
56712396,Westleigh Seifert,wseiferthf@skyrock.com,wseiferthf,BD-7F-24-46-60-10
02866393,Stephanus Kunisch,skunischhg@mit.edu,skunischhg,8C-6B-54-BE-40-08
02992021,Ruperta Prester,rpresterhh@aboutads.info,rpresterhh,DE-DF-2B-CA-56-3C
80308182,Annadiane Gilardoni,agilardonihi@adobe.com,agilardonihi,D5-C9-ED-31-D9-8D
20752600,Angie Nickoll,anickollhj@google.com.br,anickollhj,AF-08-FA-8B-31-EB
71568678,Susanne Wainwright,swainwrighthk@state.gov,swainwrighthk,2C-52-DC-7A-35-E5
90945319,Ursa Le Floch,ulehl@woothemes.com,ulehl,18-84-58-BA-D0-2F
08123116,Denna Clurow,dclurowhm@webnode.com,dclurowhm,76-2E-0B-B2-0A-90
04251379,Mariya Alexsandrowicz,malexsandrowiczhn@163.com,malexsandrowiczhn,3C-B8-21-88-18-A5
33582620,Siegfried Artus,sartusho@telegraph.co.uk,sartusho,87-6A-CF-38-B2-D6
28853952,Jacklyn Minero,jminerohp@gnu.org,jminerohp,D5-95-8A-46-6E-2A
74764332,Rudyard Sabey,rsabeyhq@unc.edu,rsabeyhq,88-03-A2-07-4B-C3
34181885,Robinson Lanham,rlanhamhr@webmd.com,rlanhamhr,EA-75-BB-79-87-CF
74988153,Samantha Baudts,sbaudtshs@webnode.com,sbaudtshs,39-98-70-37-5D-74
48903643,Tybi Marcam,tmarcamht@networkadvertising.org,tmarcamht,18-15-64-9A-1B-26
44853328,Jaime Biasio,jbiasiohu@hubpages.com,jbiasiohu,2F-19-9C-15-46-E7
57787801,Margaux Lang,mlanghv@skyrock.com,mlanghv,1C-5A-6B-2D-0E-B5
46810501,Saul Berni,sbernihw@patch.com,sbernihw,7E-A8-C0-BA-23-E9
26359627,Morganica Sarath,msarathhx@oakley.com,msarathhx,45-86-05-45-DF-F4
51764740,Eldin Sansome,esansomehy@shinystat.com,esansomehy,D8-08-94-F8-40-0C
90335843,Ashlie Mynard,amynardhz@smh.com.au,amynardhz,76-A0-C5-16-E9-35
51579982,Cher Clint,cclinti0@hostgator.com,cclinti0,58-AC-40-D9-FB-C2
23796454,Alicea Pyke,apykei1@bravesites.com,apykei1,3D-94-F3-FB-73-BC
56312274,Maridel Essam,messami2@theatlantic.com,messami2,80-F8-D9-5C-DC-CF
85223397,Jeralee Lindhe,jlindhei3@fda.gov,jlindhei3,13-BF-94-38-0B-73
52279311,Tedda Casillas,tcasillasi4@acquirethisname.com,tcasillasi4,9B-FF-D2-CB-98-3E
13482783,Barde Ionn,bionni5@amazon.co.jp,bionni5,FD-07-C7-DC-1C-49
29560513,Sabina Wolfit,swolfiti6@cloudflare.com,swolfiti6,4E-49-6C-2F-28-EC
70443974,Eduard Knath,eknathi7@ask.com,eknathi7,02-87-8A-64-CA-A6
29022462,Caterina Starking,cstarkingi8@google.nl,cstarkingi8,CC-BE-5A-DE-FE-20
05894467,Tessa Duns,tdunsi9@usgs.gov,tdunsi9,51-C7-14-BD-A3-23
81478615,Barbabra Lewendon,blewendonia@engadget.com,blewendonia,7E-3C-19-CE-39-9F
46719177,Eadmund Kissick,ekissickib@theguardian.com,ekissickib,7E-36-45-1C-26-1F
09120758,Wallas Ong,wongic@creativecommons.org,wongic,D9-F8-F2-07-1B-91
22708699,Bailey Begent,bbegentid@vk.com,bbegentid,9D-2D-77-D9-C0-25
50679959,Perrine Durdy,pdurdyie@e-recht24.de,pdurdyie,3B-0E-6C-B2-B0-C8
79659168,Perren Dobbin,pdobbinif@scientificamerican.com,pdobbinif,69-6D-73-2E-99-0F
43817715,Lenore Matejovsky,lmatejovskyig@dion.ne.jp,lmatejovskyig,9E-D9-55-3E-51-64
22289350,Lorant Harbinson,lharbinsonih@irs.gov,lharbinsonih,AE-2E-1B-B9-FC-28
27453431,Timotheus Haylands,thaylandsii@vistaprint.com,thaylandsii,52-C5-E0-88-68-0C
30744436,Alphonse Bock,abockij@usgs.gov,abockij,5F-CE-87-DF-FE-A3
01919002,Abramo Brookes,abrookesik@wikimedia.org,abrookesik,75-CD-A0-69-AF-26
31700763,Rosalia Cleiment,rcleimentil@dailymail.co.uk,rcleimentil,9B-EA-04-43-33-3C
54420363,Flint Necolds,fnecoldsim@adobe.com,fnecoldsim,9A-64-47-5A-53-4A
32276507,Maurene Gerin,mgerinin@scientificamerican.com,mgerinin,27-B4-54-83-87-2A
17911887,Sumner Bish,sbishio@weather.com,sbishio,17-8C-05-07-C1-AE
68080687,Justinn Cristofolo,jcristofoloip@mail.ru,jcristofoloip,B9-7C-BE-56-8B-EA
95762720,Verge Wragge,vwraggeiq@jigsy.com,vwraggeiq,AA-7E-B8-7A-35-0D
29155471,Bettine Nutbeem,bnutbeemir@shareasale.com,bnutbeemir,93-60-03-F1-EB-C9
31994267,Elana Saffrin,esaffrinis@zdnet.com,esaffrinis,A7-84-72-4E-9D-AF
42373695,Keriann Spellward,kspellwardit@fastcompany.com,kspellwardit,0E-06-B3-68-E2-CD
22149601,Ambrosio Leppo,aleppoiu@goo.gl,aleppoiu,C1-E0-39-80-F3-13
06091408,Bary Kavanagh,bkavanaghiv@usgs.gov,bkavanaghiv,C1-9C-59-C2-A5-C6
75365385,Heywood Coppin,hcoppiniw@phoca.cz,hcoppiniw,44-24-81-03-7D-BB
65139595,Nancie Sheeran,nsheeranix@eepurl.com,nsheeranix,98-8E-25-1A-21-D5
89547705,Taffy Barnsdall,tbarnsdalliy@google.es,tbarnsdalliy,0C-3C-15-0C-30-7B
36020345,Elmore Matejic,ematejiciz@people.com.cn,ematejiciz,85-3D-45-10-B7-F1
74030827,Genvieve Marte,gmartej0@photobucket.com,gmartej0,24-B1-4F-F2-97-73
95337180,Drake Calrow,dcalrowj1@fema.gov,dcalrowj1,C6-BE-4C-A9-C8-C7
31627457,Enrico McTeggart,emcteggartj2@163.com,emcteggartj2,D6-42-D6-32-91-94
21354587,Renato Sottell,rsottellj3@vkontakte.ru,rsottellj3,71-D8-00-64-08-A8
46522640,Catriona Fawdrie,cfawdriej4@nifty.com,cfawdriej4,CD-F3-AC-6A-11-EB
99321427,Clem Fahy,cfahyj5@cargocollective.com,cfahyj5,92-AF-EB-8F-34-BD
42087868,Salome Baker,sbakerj6@earthlink.net,sbakerj6,F1-5A-ED-FE-F8-7A
70112203,Kathlin Clohessy,kclohessyj7@pagesperso-orange.fr,kclohessyj7,F3-1C-6C-57-8F-DC
94380238,Hansiain Empson,hempsonj8@microsoft.com,hempsonj8,94-00-D1-D1-51-FD
62231261,Gerek McAuslan,gmcauslanj9@deviantart.com,gmcauslanj9,68-74-DE-92-2D-7E
36131706,Gilburt Shankland,gshanklandja@berkeley.edu,gshanklandja,97-67-51-55-75-D8
81187149,Celinka Salway,csalwayjb@harvard.edu,csalwayjb,1A-4F-EB-A8-83-DC
72400325,Gerri Schlagtmans,gschlagtmansjc@disqus.com,gschlagtmansjc,C6-F0-A8-69-84-F2
73962787,Robinia Mabee,rmabeejd@quantcast.com,rmabeejd,E1-A4-5A-2E-12-34
28005899,Michail Yule,myuleje@columbia.edu,myuleje,54-7C-B8-7D-F0-10
04383959,Harlan Peepall,hpeepalljf@chicagotribune.com,hpeepalljf,2B-3E-AF-84-47-9C
34463500,Oby Davidek,odavidekjg@shinystat.com,odavidekjg,37-E5-67-F7-6D-24
40913053,Tawsha Stubbings,tstubbingsjh@psu.edu,tstubbingsjh,0C-24-C0-EE-55-80
28817399,Mufi Eblein,mebleinji@deviantart.com,mebleinji,D4-62-98-71-EC-D1
13390680,Gretal Isaacson,gisaacsonjj@tuttocitta.it,gisaacsonjj,BF-7D-4A-05-29-4A
49445649,Irma Ennals,iennalsjk@aboutads.info,iennalsjk,FF-5C-78-95-2B-21
80973447,Elsi Castro,ecastrojl@ca.gov,ecastrojl,97-4D-87-7D-53-AE
77491465,Vanny Chieze,vchiezejm@acquirethisname.com,vchiezejm,D8-95-31-E3-24-4D
92948243,Rolph Causbey,rcausbeyjn@surveymonkey.com,rcausbeyjn,98-B1-F1-04-F2-36
39002581,Fiann Ivanchenkov,fivanchenkovjo@usda.gov,fivanchenkovjo,E2-9C-77-8B-CC-9D
58002828,Cyb Van Velden,cvanjp@blogtalkradio.com,cvanjp,50-0C-A8-83-3F-45
23041057,Karalynn Collens,kcollensjq@wsj.com,kcollensjq,43-CF-41-4C-42-36
80300094,Clayson Kauble,ckaublejr@drupal.org,ckaublejr,7F-BE-50-3F-7D-8F
31879393,Elwin Steade,esteadejs@house.gov,esteadejs,46-2D-F2-FC-9A-60
15176338,Lorena Farlambe,lfarlambejt@4shared.com,lfarlambejt,71-D1-22-08-60-8D
44388883,Nonnah Ranald,nranaldju@blogs.com,nranaldju,57-48-97-2B-EE-4C
89938302,Cassie Swallwell,cswallwelljv@people.com.cn,cswallwelljv,CD-93-A6-8D-6A-51
88514442,Clarisse Cattermole,ccattermolejw@tripadvisor.com,ccattermolejw,11-C5-E1-1C-20-5A
96911579,Marion Stoak,mstoakjx@instagram.com,mstoakjx,44-53-3F-13-71-C8
53273831,Merridie Kenset,mkensetjy@craigslist.org,mkensetjy,F6-8E-B5-57-67-DF
71444774,Chevy Keiley,ckeileyjz@cbslocal.com,ckeileyjz,77-C3-07-92-B9-CB
17412007,Rayner Lewknor,rlewknork0@wikipedia.org,rlewknork0,EF-99-7E-BB-E7-29
68131155,Gregoire Hallor,ghallork1@hexun.com,ghallork1,EC-BC-8E-FD-D9-10
34496684,Eleanor Fierro,efierrok2@theglobeandmail.com,efierrok2,A9-0B-EF-BC-07-5B
19357203,Michel Pottie,mpottiek3@virginia.edu,mpottiek3,A1-94-38-5A-AF-30
81130947,Dori Asman,dasmank4@typepad.com,dasmank4,28-4F-29-E4-E5-28
35941980,Kristi MacNally,kmacnallyk5@scientificamerican.com,kmacnallyk5,C8-C3-B1-29-FD-BD
54804604,Neall Wrighton,nwrightonk6@berkeley.edu,nwrightonk6,6A-54-E1-F8-18-76
05551322,Thacher Eldred,teldredk7@uol.com.br,teldredk7,0C-65-C8-98-88-81
94549751,Mathilde Tomblett,mtomblettk8@ebay.com,mtomblettk8,97-0A-C7-95-83-A9
19120337,Georgeanna Chapelhow,gchapelhowk9@google.cn,gchapelhowk9,1D-ED-B7-A0-84-68
44138633,Celinka Freed,cfreedka@yandex.ru,cfreedka,F4-B4-67-BA-0C-05
41407714,Tobias Kelson,tkelsonkb@oakley.com,tkelsonkb,CF-8E-2C-88-F1-6A
43866271,Flossie Bonney,fbonneykc@census.gov,fbonneykc,06-6D-36-36-34-5E
86398711,Timofei Devany,tdevanykd@desdev.cn,tdevanykd,DC-46-C7-43-D4-10
94427366,Gabey Cosgreave,gcosgreaveke@google.fr,gcosgreaveke,A7-94-2B-36-05-C6
38215219,Fredi Hay,fhaykf@si.edu,fhaykf,CD-07-55-1F-C0-8B
90247251,Fayre Askin,faskinkg@addthis.com,faskinkg,CF-EA-69-30-CF-1D
26784803,Delmar Clemens,dclemenskh@usatoday.com,dclemenskh,B9-A1-8B-49-D1-88
75609622,Angela Paolotto,apaolottoki@upenn.edu,apaolottoki,BF-EC-BF-BB-13-68
92049076,Nertie Olyfat,nolyfatkj@merriam-webster.com,nolyfatkj,8A-88-7B-1F-FE-3F
82507265,Niel Myrie,nmyriekk@house.gov,nmyriekk,47-00-99-F0-70-E8
95495965,Horatio Chartman,hchartmankl@redcross.org,hchartmankl,C0-92-4F-DF-8A-14
78459355,Loralee Maro,lmarokm@dion.ne.jp,lmarokm,F4-74-2C-05-4A-88
25669349,Mylo Marzelli,mmarzellikn@wikispaces.com,mmarzellikn,DE-D9-58-48-5E-9B
21562225,Agnella Gierok,agierokko@sina.com.cn,agierokko,EB-1F-B1-C1-88-B9
69903690,Kelsey Cozzi,kcozzikp@discovery.com,kcozzikp,5E-2B-55-E5-12-94
50676405,Pyotr McCurry,pmccurrykq@oakley.com,pmccurrykq,8F-7C-93-47-04-E8
80055366,Laina Pigrome,lpigromekr@bluehost.com,lpigromekr,44-D9-0D-54-8D-1A
94352858,Ynes Wrangle,ywrangleks@feedburner.com,ywrangleks,C6-0D-87-0B-51-8E
05848762,Eba Sibun,esibunkt@photobucket.com,esibunkt,B9-89-12-E8-2C-41
12891735,Joy Slucock,jslucockku@aboutads.info,jslucockku,B8-EB-C4-F7-50-10
23550810,Robinetta Pitkins,rpitkinskv@washington.edu,rpitkinskv,73-DD-0B-27-96-5D
38580898,Deena Pullan,dpullankw@over-blog.com,dpullankw,75-E8-FC-DF-58-A4
46844648,Nikolas Elacoate,nelacoatekx@people.com.cn,nelacoatekx,9F-D5-48-E7-A7-E9
98642024,Sylas Snowball,ssnowballky@kickstarter.com,ssnowballky,A8-52-9F-2D-61-F8
66654300,Emmye Lilleman,elillemankz@bluehost.com,elillemankz,99-C6-B8-30-3A-86
56853977,Elita Boylan,eboylanl0@spotify.com,eboylanl0,E2-68-F5-DE-0B-5D
09337302,Sibella Wasbrough,swasbroughl1@163.com,swasbroughl1,98-A6-A4-DB-26-7E
66001407,Jesse Banyard,jbanyardl2@irs.gov,jbanyardl2,CF-FD-FE-19-E9-25
10559395,Nissy Fogg,nfoggl3@addthis.com,nfoggl3,4C-71-56-5C-1D-2D
96705556,Cordy Holywell,cholywelll4@bloglines.com,cholywelll4,41-16-EC-02-DA-A1
82458856,Christin Wraighte,cwraightel5@cafepress.com,cwraightel5,45-90-16-54-01-7F
89987085,Audra Haton,ahatonl6@shop-pro.jp,ahatonl6,7E-A5-70-C5-B6-86
92399245,Kali Sankey,ksankeyl7@toplist.cz,ksankeyl7,CD-06-F4-C2-ED-8A
75843460,Morten Kasparski,mkasparskil8@globo.com,mkasparskil8,EC-76-9D-3F-B7-A0
25135469,Dallas Ferrulli,dferrullil9@networksolutions.com,dferrullil9,69-92-9E-BE-C6-F0
03170756,Bernadina Sturdgess,bsturdgessla@com.com,bsturdgessla,03-B0-63-3A-E3-0A
10871777,Naoma Abrahamowitcz,nabrahamowitczlb@dagondesign.com,nabrahamowitczlb,15-4E-C5-63-A8-10
11045044,Lethia Pedrazzi,lpedrazzilc@buzzfeed.com,lpedrazzilc,A3-06-8F-E0-E9-77
72008443,Chrissie Munks,cmunksld@acquirethisname.com,cmunksld,45-1B-10-51-49-56
25389638,Brena Roskrug,broskrugle@ox.ac.uk,broskrugle,A4-BE-E3-83-EC-8F
20089055,Hurlee Pavie,hpavielf@blogspot.com,hpavielf,FE-77-27-B8-80-3E
02295343,Dame Garfitt,dgarfittlg@slate.com,dgarfittlg,32-70-6F-36-01-A7
79102559,Nikolas Zarfat,nzarfatlh@digg.com,nzarfatlh,A7-37-93-D3-8A-E2
73203013,Cassi Goff,cgoffli@weather.com,cgoffli,09-02-6F-88-CB-EE
75502032,Edmund Spyby,espybylj@guardian.co.uk,espybylj,B9-95-40-9F-A8-6F
96944967,Vicky Vaudrey,vvaudreylk@sciencedirect.com,vvaudreylk,8A-EB-EE-82-6D-E2
54468018,Christie Row,crowll@earthlink.net,crowll,41-A4-F9-16-3D-82
34454019,Garv Wimbush,gwimbushlm@joomla.org,gwimbushlm,AE-12-45-00-64-49
64126261,Filide Boynes,fboynesln@wordpress.com,fboynesln,8C-46-BF-9F-7C-8D
04851998,Ketty Mathewes,kmatheweslo@goo.gl,kmatheweslo,2D-13-5F-5B-E6-68
65555352,Chelsea Iwanowski,ciwanowskilp@jiathis.com,ciwanowskilp,14-D3-E2-A8-94-B3
16895520,Claudette Harniman,charnimanlq@sbwire.com,charnimanlq,86-89-B9-A2-AC-91
97897082,Osbert Plank,oplanklr@ameblo.jp,oplanklr,86-59-F6-E4-A0-08
58379959,Filia Camosso,fcamossols@eepurl.com,fcamossols,6C-63-FA-C0-92-B9
05306806,Ramona Lichfield,rlichfieldlt@liveinternet.ru,rlichfieldlt,8F-85-17-03-DF-B4
88152072,Glenn Meace,gmeacelu@w3.org,gmeacelu,E9-97-3E-D6-5A-02
30285587,Vera Tappington,vtappingtonlv@icio.us,vtappingtonlv,43-E8-91-87-0C-6B
49488640,Bev Fitzharris,bfitzharrislw@reverbnation.com,bfitzharrislw,74-24-36-D9-28-17
94840583,Glad Povey,gpoveylx@kickstarter.com,gpoveylx,BD-CE-A4-AA-44-63
30941245,Hillel Vaughn,hvaughnly@printfriendly.com,hvaughnly,03-AF-C1-3C-88-BD
73374132,Regine Barwell,rbarwelllz@amazon.de,rbarwelllz,1F-34-82-57-14-22
57320351,Johna Pasmore,jpasmorem0@google.com.au,jpasmorem0,3E-C8-CB-A9-46-61
61825267,Jillian Murie,jmuriem1@free.fr,jmuriem1,01-55-34-C8-CB-3A
26350410,Katuscha Daouse,kdaousem2@java.com,kdaousem2,B0-51-29-50-36-6B
72497438,Zollie Sebborn,zsebbornm3@google.ru,zsebbornm3,7C-25-6B-4D-21-11
53257392,Sonnie Quarry,squarrym4@flavors.me,squarrym4,7D-AB-66-4A-0B-5F
47088220,Flori Canto,fcantom5@nih.gov,fcantom5,08-96-3F-2A-33-98
21072032,Robenia Jamson,rjamsonm6@usda.gov,rjamsonm6,D9-2F-A1-D1-35-9E
83840002,Jena Kenton,jkentonm7@ameblo.jp,jkentonm7,1E-D0-DC-7F-15-86
20634584,Sheffield Berecloth,sbereclothm8@examiner.com,sbereclothm8,64-AF-7B-AA-B5-D0
91600371,Kirstyn Puddle,kpuddlem9@pen.io,kpuddlem9,49-77-B7-97-40-49
39750386,Fidelity Hallgath,fhallgathma@google.com.hk,fhallgathma,DF-A5-E7-C8-7B-D1
12633803,Petronille Gear,pgearmb@istockphoto.com,pgearmb,03-7E-AE-25-F8-57
07841850,Deborah Blockwell,dblockwellmc@ihg.com,dblockwellmc,28-B0-1D-7F-04-24
75064738,Dot Gounel,dgounelmd@mayoclinic.com,dgounelmd,62-73-43-E8-70-D3
14708560,Miriam Weatherdon,mweatherdonme@addthis.com,mweatherdonme,07-46-E2-A2-5B-81
61988834,Shelby Jephcote,sjephcotemf@google.com.au,sjephcotemf,FE-7A-F4-0F-50-15
50373161,Lenna Fauguel,lfauguelmg@fda.gov,lfauguelmg,0C-46-D0-02-E5-57
16850612,Scotty Master,smastermh@hatena.ne.jp,smastermh,E6-AA-D1-E5-F7-10
79351729,Addie Summerson,asummersonmi@goo.gl,asummersonmi,90-B6-80-1C-50-1C
75127420,Filia Grumell,fgrumellmj@statcounter.com,fgrumellmj,CF-EC-C2-69-2E-A1
33666600,Ekaterina Cumpsty,ecumpstymk@icio.us,ecumpstymk,92-E9-03-B0-FE-47
80940483,Riobard Harcus,rharcusml@bloglovin.com,rharcusml,1B-03-1E-F8-63-98
23119886,Micky Rogez,mrogezmm@zimbio.com,mrogezmm,3B-06-3B-4D-F9-CF
12196043,Raviv Lumby,rlumbymn@sciencedaily.com,rlumbymn,E3-6D-9B-6E-04-E0
60504559,Allin Muskett,amuskettmo@howstuffworks.com,amuskettmo,50-6C-6C-F9-A9-CD
29728696,Virgil Biskupski,vbiskupskimp@tripod.com,vbiskupskimp,4C-09-42-2C-13-4D
52265580,Niki Bernakiewicz,nbernakiewiczmq@pcworld.com,nbernakiewiczmq,07-64-15-84-E9-21
60070173,Jayme Polo,jpolomr@mapy.cz,jpolomr,0A-1D-3B-3F-D0-9E
59157907,Nappy Lunbech,nlunbechms@issuu.com,nlunbechms,49-9B-99-E6-B4-C5
40899350,Ethan Sharple,esharplemt@is.gd,esharplemt,30-C7-03-B9-4C-D8
40750268,Mattias McDonogh,mmcdonoghmu@nytimes.com,mmcdonoghmu,68-74-26-22-3F-4A
84386900,Domenico Butlin,dbutlinmv@constantcontact.com,dbutlinmv,4A-FA-27-3F-C8-64
99294650,Alica Girkins,agirkinsmw@networkadvertising.org,agirkinsmw,8D-52-FF-D2-1C-9D
83958320,Philomena Worg,pworgmx@google.cn,pworgmx,F2-B8-75-F3-FD-A3
27223090,Linet Tuke,ltukemy@hp.com,ltukemy,ED-3D-C3-47-68-27
08136503,Boigie Ditchfield,bditchfieldmz@merriam-webster.com,bditchfieldmz,68-FE-02-97-20-26
86792161,Phillida Balsdone,pbalsdonen0@google.pl,pbalsdonen0,CD-9F-1F-B1-86-63
67774763,Sheilakathryn Kember,skembern1@myspace.com,skembern1,3D-FB-BC-4A-63-86
81985446,Lulita Lewinton,llewintonn2@sciencedirect.com,llewintonn2,77-7B-E3-BA-3B-6C
30328229,Ginevra Aliman,galimann3@forbes.com,galimann3,F7-1F-DB-EE-2C-CF
05553620,Xylina Salzberger,xsalzbergern4@indiatimes.com,xsalzbergern4,DF-B3-13-F5-FF-9F
77910873,Herbie Borlease,hborleasen5@npr.org,hborleasen5,21-A0-C2-FF-EE-24
81133914,Toinette Treversh,ttrevershn6@bloglines.com,ttrevershn6,50-07-45-24-A5-54
77219935,Carry Deverick,cdeverickn7@economist.com,cdeverickn7,68-C3-22-20-D9-27
41519626,Alix Caen,acaenn8@desdev.cn,acaenn8,26-95-67-73-EC-8B
52335153,Gus Divine,gdivinen9@ebay.co.uk,gdivinen9,77-26-0E-07-0F-FD
75010501,Weylin Parradye,wparradyena@seesaa.net,wparradyena,79-9A-5A-F8-D8-91
98020260,Sile Abendroth,sabendrothnb@huffingtonpost.com,sabendrothnb,0C-8C-04-17-92-BD
56660113,Sibilla Sweynson,ssweynsonnc@harvard.edu,ssweynsonnc,4E-F2-29-BE-BA-40
33043355,Roxie Leeman,rleemannd@godaddy.com,rleemannd,8A-3C-DD-BF-E3-4F
99591242,Winnie Wressell,wwressellne@craigslist.org,wwressellne,6C-E9-75-EC-6C-25
66658470,Franz Dyment,fdymentnf@narod.ru,fdymentnf,56-F3-21-CA-FC-BB
21072478,Jasun Beausang,jbeausangng@dell.com,jbeausangng,60-E8-E3-C1-38-AE
69744579,Rudie Iban,ribannh@newsvine.com,ribannh,8E-AB-F3-89-08-ED
20237967,Chad Joffe,cjoffeni@boston.com,cjoffeni,59-38-63-FE-42-05
20005587,Cindee Fearneley,cfearneleynj@bbc.co.uk,cfearneleynj,A1-86-2F-E3-EA-BB
23513166,D'arcy McIntee,dmcinteenk@indiegogo.com,dmcinteenk,95-40-84-0F-E0-98
68505166,El Najara,enajaranl@wisc.edu,enajaranl,C6-E6-A4-1C-56-D2
42625462,Blair Gudge,bgudgenm@ed.gov,bgudgenm,BC-77-FB-AE-8F-B2
01422004,Taylor Gallaccio,tgallaccionn@squidoo.com,tgallaccionn,88-F4-53-25-29-2B
50931300,Reinold Hakonsen,rhakonsenno@slate.com,rhakonsenno,A9-E2-89-4D-7C-FA
00322450,Myrta Swaine,mswainenp@rambler.ru,mswainenp,36-A9-25-43-81-40
02232071,Dino Philippson,dphilippsonnq@wisc.edu,dphilippsonnq,8B-A2-95-1E-70-7F
66284622,Leila Fludder,lfluddernr@google.fr,lfluddernr,AE-5E-11-69-4C-12
95883721,Leodora Jeune,ljeunens@arstechnica.com,ljeunens,1A-9B-8D-8C-FA-69
36515007,Tiphani Dwire,tdwirent@naver.com,tdwirent,5C-44-9C-AE-26-B0
46302113,Anderson Dymick,adymicknu@jigsy.com,adymicknu,DE-39-AF-60-2A-7E
30977613,Elizabeth Lauritsen,elauritsennv@moonfruit.com,elauritsennv,CF-D4-6A-AE-6A-44
60823743,Flory Klimkiewich,fklimkiewichnw@jimdo.com,fklimkiewichnw,94-FE-A3-CA-04-63
67944693,Linnie Zuann,lzuannnx@diigo.com,lzuannnx,3D-2A-01-1E-AB-42
08472176,Cristiano Cotelard,ccotelardny@rambler.ru,ccotelardny,DC-8D-C4-7F-5B-9E
35977837,Gennifer D'Ambrosi,gdambrosinz@irs.gov,gdambrosinz,ED-10-B5-49-B4-B3
08919127,Raffarty Suttie,rsuttieo0@digg.com,rsuttieo0,09-2D-43-C1-64-81
84902453,Ora Bruck,obrucko1@flickr.com,obrucko1,66-1A-A5-35-54-43
60085970,Dee dee Doorbar,ddeeo2@fema.gov,ddeeo2,CF-18-AC-F2-F6-1A
11484349,Clint Brade,cbradeo3@ucla.edu,cbradeo3,E0-E5-79-A6-68-17
75063893,Stanley Malpass,smalpasso4@hostgator.com,smalpasso4,C8-60-B2-A8-37-C8
96112890,Kitty McCullagh,kmccullagho5@toplist.cz,kmccullagho5,9C-2D-56-F7-6E-93
43382759,Drake Ingrey,dingreyo6@ed.gov,dingreyo6,E2-30-18-BD-0A-3D
05654116,Sammy Rigard,srigardo7@sina.com.cn,srigardo7,C7-A5-6F-50-27-A0
11960578,Grace Perrycost,gperrycosto8@ycombinator.com,gperrycosto8,B3-EF-9D-9F-44-A8
04017231,Nannie Cockshut,ncockshuto9@forbes.com,ncockshuto9,6D-5B-8E-4B-AB-DD
42849882,Annadiana McCullouch,amccullouchoa@nasa.gov,amccullouchoa,D4-CD-58-F5-DA-2D
35078779,Winfield Ellph,wellphob@sbwire.com,wellphob,18-0A-91-74-0D-BF
63968074,Dody Clist,dclistoc@apple.com,dclistoc,4C-0A-75-42-94-13
59218239,Conrado Gert,cgertod@twitter.com,cgertod,7D-D5-13-F5-96-A0
15973565,Darnall Marrion,dmarrionoe@economist.com,dmarrionoe,45-2D-D1-70-61-CE
69115613,Yurik Osichev,yosichevof@reuters.com,yosichevof,D0-8B-18-B5-32-82
59564836,Amos Watkiss,awatkissog@infoseek.co.jp,awatkissog,25-8A-BF-93-FD-F5
18149185,Teresita Steggals,tsteggalsoh@usatoday.com,tsteggalsoh,B7-34-4D-A9-04-C6
43575128,Marcello Mathias,mmathiasoi@mit.edu,mmathiasoi,68-07-1C-A2-EB-7D
19333049,Brnaby Saterthwait,bsaterthwaitoj@wunderground.com,bsaterthwaitoj,07-3D-5A-72-27-18
50701306,Parnell Danit,pdanitok@addthis.com,pdanitok,4A-5C-46-E4-F4-17
14940440,Marcelia Bafford,mbaffordol@addtoany.com,mbaffordol,6D-8F-5F-DB-BE-94
59020780,Ninnette Gabbetis,ngabbetisom@webnode.com,ngabbetisom,D3-AD-25-6D-F7-44
09698380,Thedrick Battle,tbattleon@quantcast.com,tbattleon,0E-29-F6-41-3E-71
62227248,Darsey Ritchley,dritchleyoo@homestead.com,dritchleyoo,08-F8-08-A7-E5-44
36771664,Derby Somerset,dsomersetop@cloudflare.com,dsomersetop,60-34-0A-2E-EB-72
41112224,Hillary Laible,hlaibleoq@mashable.com,hlaibleoq,84-CE-79-07-E2-3F
87658494,Natalya Attride,nattrideor@jimdo.com,nattrideor,95-08-1E-92-C2-EC
66603325,Inness Cristofori,icristoforios@hubpages.com,icristoforios,95-F5-58-1A-27-05
32739549,Tomaso Thom,tthomot@marketwatch.com,tthomot,37-10-62-C6-92-C6
98996295,Antonio Solan,asolanou@tinyurl.com,asolanou,65-1B-BD-84-BD-86
26071285,Kamilah Fedorski,kfedorskiov@amazonaws.com,kfedorskiov,80-3C-5C-71-AF-C6
06757513,Fenelia Vieyra,fvieyraow@jugem.jp,fvieyraow,EE-64-D7-A8-71-DF
27583459,Jae Hyndman,jhyndmanox@privacy.gov.au,jhyndmanox,4E-E7-8E-60-66-A0
89588290,Sibylla Grattage,sgrattageoy@tumblr.com,sgrattageoy,0A-6F-77-28-F2-D6
31157342,Phedra Pykerman,ppykermanoz@thetimes.co.uk,ppykermanoz,0F-1E-98-46-28-A4
85300730,Elianore Hegg,eheggp0@ustream.tv,eheggp0,C3-12-29-85-F5-F5
86042595,Lennie Querree,lquerreep1@weather.com,lquerreep1,BC-25-ED-AB-2E-60
17573779,Lloyd Vertigan,lvertiganp2@simplemachines.org,lvertiganp2,D2-31-55-12-E2-E2
35607641,Ted Morritt,tmorrittp3@weibo.com,tmorrittp3,E9-CD-A6-4F-83-2E
51087098,Elisabet Potteridge,epotteridgep4@jigsy.com,epotteridgep4,E1-14-95-48-20-76
71673654,Aubrey Caldeyroux,acaldeyrouxp5@zdnet.com,acaldeyrouxp5,9A-9F-1C-63-C7-D6
62426426,Simonne Pevsner,spevsnerp6@rediff.com,spevsnerp6,E9-27-61-C2-B0-94
44537073,Keane Danels,kdanelsp7@networkadvertising.org,kdanelsp7,A7-15-A9-6D-85-A1
12943808,Edy Archdeckne,earchdecknep8@yellowpages.com,earchdecknep8,35-8B-B2-AC-B7-57
26204292,Adrianna Gripton,agriptonp9@goo.ne.jp,agriptonp9,96-61-EF-6A-10-D7
29280248,Carmelita Rousell,crousellpa@unicef.org,crousellpa,10-CD-82-00-63-BD
88293561,Gerrard Cattini,gcattinipb@free.fr,gcattinipb,AA-AC-F5-96-0D-9F
06363198,Gerald Haitlie,ghaitliepc@wordpress.org,ghaitliepc,DC-9C-69-10-D8-85
94516163,Georgy Hrihorovich,ghrihorovichpd@clickbank.net,ghrihorovichpd,2F-3E-79-B8-CE-FB
55900489,Rich Seys,rseyspe@tiny.cc,rseyspe,DD-DF-22-70-A5-D7
79569944,Clive Sheardown,csheardownpf@comsenz.com,csheardownpf,31-BA-F3-54-A5-8F
23923793,Zuzana Morston,zmorstonpg@booking.com,zmorstonpg,51-30-AF-27-4D-D8
36072346,Meagan Drake,mdrakeph@microsoft.com,mdrakeph,C7-83-E8-EC-23-21
94607815,Johna Eshelby,jeshelbypi@xing.com,jeshelbypi,4D-FD-21-22-ED-99
06520349,Frederich Gedling,fgedlingpj@shinystat.com,fgedlingpj,AC-B4-ED-C3-AD-B1
00228743,Glen Joesbury,gjoesburypk@seattletimes.com,gjoesburypk,2C-CB-3D-56-78-5C
06518709,Dov Pellett,dpellettpl@ebay.com,dpellettpl,91-80-C5-AD-11-D8
50836216,Sue Folker,sfolkerpm@digg.com,sfolkerpm,02-F7-31-3B-87-21
28269920,Emlyn Gilliat,egilliatpn@mail.ru,egilliatpn,4A-54-F9-F9-E1-F6
55272078,Farand Dufton,fduftonpo@oracle.com,fduftonpo,3C-FB-48-BC-1D-B6
85386640,Darryl Stratten,dstrattenpp@seesaa.net,dstrattenpp,A3-AB-4F-36-0D-BF
70411625,Brana McInerney,bmcinerneypq@a8.net,bmcinerneypq,8B-1C-49-E0-57-37
94684128,Gwenore Rushman,grushmanpr@com.com,grushmanpr,F8-11-C2-FC-AD-6D
77300386,Putnem Biasi,pbiasips@linkedin.com,pbiasips,4D-99-5E-42-E7-0A
22470231,Allin Brinkley,abrinkleypt@hibu.com,abrinkleypt,91-4F-27-11-3F-4A
78395049,Garey Dunkinson,gdunkinsonpu@umich.edu,gdunkinsonpu,22-06-0E-3A-AE-EF
93456950,Ariana McOrkill,amcorkillpv@technorati.com,amcorkillpv,8D-A3-5A-48-6E-09
31037638,Mitchel Schneider,mschneiderpw@cnn.com,mschneiderpw,DB-97-88-74-F8-DD
45017528,Berrie Spary,bsparypx@php.net,bsparypx,BA-B1-BA-73-C3-F5
86747303,Son Tickle,sticklepy@slideshare.net,sticklepy,F4-8F-31-26-D7-7F
64621807,Melvin Hardaway,mhardawaypz@myspace.com,mhardawaypz,E6-EE-5F-39-D4-4E
30028707,Kiri Hanes,khanesq0@baidu.com,khanesq0,93-79-15-EF-9D-81
29060565,Melosa McGaughay,mmcgaughayq1@usnews.com,mmcgaughayq1,18-EA-5A-AD-B7-BE
40022387,Roxine Gaddas,rgaddasq2@timesonline.co.uk,rgaddasq2,79-27-9E-C6-B7-1E
14014891,Tamqrah Lowton,tlowtonq3@google.ru,tlowtonq3,8B-93-26-2F-88-75
49556732,Valery Kunzelmann,vkunzelmannq4@netvibes.com,vkunzelmannq4,2D-EB-21-EF-ED-2C
68383356,Cletus Guiraud,cguiraudq5@a8.net,cguiraudq5,F1-06-59-16-BC-CF
55923147,Gawen Longstreet,glongstreetq6@edublogs.org,glongstreetq6,49-B4-3F-98-48-57
30296455,Alphard Bonick,abonickq7@businessinsider.com,abonickq7,F9-7F-80-5E-52-B0
47822315,Jacquenette Chessor,jchessorq8@spotify.com,jchessorq8,B3-FD-47-21-72-83
77258082,Aube Sabine,asabineq9@opera.com,asabineq9,B3-2B-29-25-D6-09
54449926,Patrice Mowbury,pmowburyqa@google.cn,pmowburyqa,29-1B-5D-99-03-8F
55878826,Ansel Axelbee,aaxelbeeqb@merriam-webster.com,aaxelbeeqb,D2-F7-AA-89-57-90
42596587,Doe Gregson,dgregsonqc@cbsnews.com,dgregsonqc,87-47-89-96-B4-3E
63468441,Natalya Murkitt,nmurkittqd@skyrock.com,nmurkittqd,5F-E6-2F-CF-3D-F9
31751607,Chery Churchley,cchurchleyqe@rambler.ru,cchurchleyqe,9E-FB-55-94-00-DE
25800580,Fanya Duer,fduerqf@businesswire.com,fduerqf,A1-1D-45-62-1B-D6
51069354,Kala Breinlein,kbreinleinqg@furl.net,kbreinleinqg,01-3A-F5-61-43-05
80883584,Janaye Barnard,jbarnardqh@moonfruit.com,jbarnardqh,29-6E-60-5D-A0-26
59404169,Eugenie Pendock,ependockqi@digg.com,ependockqi,91-90-34-F1-F3-05
90281975,Bancroft Goodband,bgoodbandqj@purevolume.com,bgoodbandqj,56-9F-90-95-58-0F
62584903,Alissa Sproston,asprostonqk@abc.net.au,asprostonqk,E9-69-3F-97-89-77
93062330,Kitti Faro,kfaroql@state.tx.us,kfaroql,2F-92-71-32-0D-22
84107002,Drud Coldbathe,dcoldbatheqm@163.com,dcoldbatheqm,75-C9-DD-F4-F3-81
66348459,Mallissa Setchell,msetchellqn@springer.com,msetchellqn,19-6B-26-82-17-37
06416697,Bartel Seger,bsegerqo@gnu.org,bsegerqo,18-AB-AD-2B-F6-B5
49047165,Addy Guierre,aguierreqp@nps.gov,aguierreqp,43-09-A4-D5-B9-92
86040544,Thekla Siggee,tsiggeeqq@thetimes.co.uk,tsiggeeqq,2C-3A-67-6A-F6-5B
32385582,Layne Godson,lgodsonqr@google.fr,lgodsonqr,B7-AB-26-D9-3E-5E
56332097,Fayina De Bruyn,fdeqs@dailymotion.com,fdeqs,81-B7-07-E0-17-E9
89950804,Cesaro Viveash,cviveashqt@cdc.gov,cviveashqt,FA-6A-1D-3B-F0-EB
30798706,Sofia De Michetti,sdequ@economist.com,sdequ,6C-3E-94-93-A8-2F
99279736,Corissa Juris,cjurisqv@un.org,cjurisqv,61-18-FF-39-60-C5
63220164,Marinna Elrick,melrickqw@cbslocal.com,melrickqw,FA-2C-DA-1F-88-52
22869143,Kristian Glader,kgladerqx@walmart.com,kgladerqx,6B-7C-B9-9D-90-30
22057520,Kermie Bispham,kbisphamqy@virginia.edu,kbisphamqy,32-6C-8C-30-D8-78
66101910,Analise Laughlin,alaughlinqz@state.tx.us,alaughlinqz,DC-22-6A-00-6E-EB
41114534,Lenard Riddle,lriddler0@lulu.com,lriddler0,B6-71-DC-96-B7-CC
64187396,Joane Jebb,jjebbr1@reddit.com,jjebbr1,2B-6E-2B-C2-96-C7
86004179,Rita Klima,rklimar2@clickbank.net,rklimar2,60-14-27-D0-75-67
77136637,Karita Hamsley,khamsleyr3@fema.gov,khamsleyr3,92-B1-BA-54-FB-CA
19033168,Davy Dresche,ddrescher4@berkeley.edu,ddrescher4,BF-04-1C-59-DF-AE
50288285,Hale Merwede,hmerweder5@blinklist.com,hmerweder5,7B-58-FD-54-15-BE
36218417,Devi Winkett,dwinkettr6@wsj.com,dwinkettr6,AA-62-7E-ED-9D-01
60796163,Lu Merit,lmeritr7@symantec.com,lmeritr7,80-B5-82-AC-2F-F5
24534101,Desiree Jedrzaszkiewicz,djedrzaszkiewiczr8@4shared.com,djedrzaszkiewiczr8,AC-6A-89-63-67-38
52688845,Gabriela Kells,gkellsr9@independent.co.uk,gkellsr9,9F-F5-6E-1F-28-79
98827763,Gayel McCathy,gmccathyra@goo.ne.jp,gmccathyra,0C-CD-49-64-18-63
90237037,Brunhilde Seilmann,bseilmannrb@altervista.org,bseilmannrb,71-47-B1-6D-DC-0F
85760522,Ciel Tees,cteesrc@digg.com,cteesrc,4B-7E-33-E2-55-74
69872739,Lexie Ivantyev,livantyevrd@go.com,livantyevrd,FE-64-5E-43-21-9B
50895287,Joice Caygill,jcaygillre@wired.com,jcaygillre,56-6B-76-A3-DA-CE
19188929,Joannes McLellan,jmclellanrf@oaic.gov.au,jmclellanrf,73-2F-4D-AB-82-D1
06629245,Fidel Diprose,fdiproserg@sciencedaily.com,fdiproserg,86-30-5A-18-6D-01
88873441,Tommie Rutherfoord,trutherfoordrh@bloglines.com,trutherfoordrh,68-7A-B0-E1-92-97
77218066,Tanner Colyer,tcolyerri@aol.com,tcolyerri,45-63-A9-66-08-54
33095439,Oliy Kahan,okahanrj@google.it,okahanrj,36-61-E7-B2-ED-C0
57682860,Tori Eudall,teudallrk@reference.com,teudallrk,AB-5C-59-BB-D1-88
94538566,Glynis Caplis,gcaplisrl@reference.com,gcaplisrl,83-96-05-21-EE-ED
68062851,Morganne Gwillyam,mgwillyamrm@princeton.edu,mgwillyamrm,47-06-5F-B7-AE-DF
50727904,Ezra Candie,ecandiern@earthlink.net,ecandiern,FC-60-BA-B1-03-17
11082135,Eldon Tagg,etaggro@t.co,etaggro,1E-50-BF-19-38-4C
28141890,Cathrin Fairbard,cfairbardrp@state.tx.us,cfairbardrp,D4-D6-9F-02-C1-36
67178916,Elwira Houlaghan,ehoulaghanrq@alexa.com,ehoulaghanrq,FC-AE-39-66-37-A3
02711013,Horatius Gaitskill,hgaitskillrr@tmall.com,hgaitskillrr,D8-4B-99-CA-A5-A7
